"Year","country_name","Total_imp","Pref_Trade","Eligible_Trade","Total_volume","Pref_Volume","Eligible_Volume","uk_trade_agreement","uk_agreement_name","uk_dcts_tier","uk_dcts"
2022,"Afghanistan",1536157,1183164,1266989,616620,527417,568663,FALSE,NA,"Comprehensive",TRUE
2022,"Albania",3215978,1690426,1874297,3125672,1171372,1301811,TRUE,"UK-Albania Partnership, Trade and Cooperation Agreement",NA,FALSE
2022,"Algeria",4257833,19791,1852290,12034830,40969,928984,FALSE,NA,"Enhanced",TRUE
2022,"Andorra",55096,0,0,39316,0,0,FALSE,NA,NA,FALSE
2022,"Angola",89084,0,89084,3565,0,3565,FALSE,NA,"Comprehensive",TRUE
2022,"Anguilla",9820,0,0,2780,0,0,FALSE,NA,NA,FALSE
2022,"Antigua & Barbuda",514829,0,497813,172778,0,166503,TRUE,"CARIFORUM-UK Economic Partnership Agreement",NA,FALSE
2022,"Argentina",807951307,0,0,1610646088,0,0,FALSE,NA,NA,FALSE
2022,"Armenia",779467,0,0,460438,0,0,FALSE,NA,NA,FALSE
2022,"Australia",532320884,0,0,391748623,0,0,TRUE,"UK-Australia Free Trade Agreement; CPTPP",NA,FALSE
2022,"Azerbaijan",115086,0,0,36443,0,0,FALSE,NA,NA,FALSE
2022,"Bahamas",1684909,1612209,1638029,48054,34348,34807,TRUE,"CARIFORUM-UK Economic Partnership Agreement",NA,FALSE
2022,"Bahrain",105573,0,0,34282,0,0,FALSE,NA,NA,FALSE
2022,"Bangladesh",78082067,70169980,70732225,21140011,18917363,19005236,FALSE,NA,"Comprehensive",TRUE
2022,"Barbados",4278891,2934711,3076423,1780780,1564214,1580821,TRUE,"CARIFORUM-UK Economic Partnership Agreement",NA,FALSE
2022,"Belarus",2002379,0,0,9052077,0,0,FALSE,NA,NA,FALSE
2022,"Belize",48707993,45481904,48134042,72155686,69504570,72061771,TRUE,"CARIFORUM-UK Economic Partnership Agreement",NA,FALSE
2022,"Benin",1304391,121000,124146,536962,88000,119182,FALSE,NA,"Comprehensive",TRUE
2022,"Bermuda",843756,528065,775725,99632,58371,85294,FALSE,NA,NA,FALSE
2022,"Bolivia",21356887,313288,450291,3517970,125565,177745,FALSE,NA,"Enhanced",TRUE
2022,"Bosnia & Herzegovina",2060489,0,0,1601589,0,0,FALSE,NA,NA,FALSE
2022,"Botswana",796489,782631,782631,215003,213771,213771,TRUE,"SACUM-UK Economic Partnership Agreement",NA,FALSE
2022,"Brazil",1528703734,0,0,1926605137,0,0,FALSE,NA,NA,FALSE
2022,"British Indian Ocean Territory",32277,32277,32277,6834,6834,6834,FALSE,NA,NA,FALSE
2022,"British Virgin Islands",799385,2533,2533,62690,326,326,FALSE,NA,NA,FALSE
2022,"Brunei",1753,0,0,5,0,0,FALSE,NA,NA,FALSE
2022,"Burkina Faso",4928936,156100,273925,904515,33691,69548,FALSE,NA,"Comprehensive",TRUE
2022,"Burundi",994233,0,0,212202,0,0,FALSE,NA,"Comprehensive",TRUE
2022,"Cambodia",14008432,13504540,13888804,17937878,17448025,17900900,FALSE,NA,"Comprehensive",TRUE
2022,"Cameroon",39594567,38999582,39065947,53008092,52570694,52658103,TRUE,"UK-Cameroon Economic Partnership Agreement",NA,FALSE
2022,"Canada",745130001,187257223,214785030,1282604209,38048351,43151480,TRUE,"UK-Canada Trade Continuity Agreement; CPTPP",NA,FALSE
2022,"Cayman Islands",193554,181857,191272,112627,111648,112227,FALSE,NA,NA,FALSE
2022,"Central African Republic",3935,0,3935,889,0,889,FALSE,NA,"Comprehensive",TRUE
2022,"Chad",982878,0,0,974222,0,0,FALSE,NA,"Comprehensive",TRUE
2022,"Chile",463653487,385739107,420467618,232655231,196043399,207786889,TRUE,"UK-Chile Association Agreement; CPTPP",NA,FALSE
2022,"China",1616858351,0,0,490617141,0,0,FALSE,NA,NA,FALSE
2022,"Christmas Island",16003,0,0,1996,0,0,FALSE,NA,NA,FALSE
2022,"Cocos (Keeling) Islands",6585,0,0,1756,0,0,FALSE,NA,NA,FALSE
2022,"Colombia",359035495,255769844,271253338,316432678,293930607,297210974,TRUE,"UK-Andean Countries Trade Agreement",NA,FALSE
2022,"Comoros",97459,72968,97459,20031,11000,20031,FALSE,NA,"Comprehensive",TRUE
2022,"Congo - Brazzaville",123093,0,0,27478,0,0,FALSE,NA,"Enhanced",TRUE
2022,"Congo - Kinshasa",375083,1883,1883,62304,778,778,FALSE,NA,"Comprehensive",TRUE
2022,"Cook Islands",13317,0,0,6336,0,0,FALSE,NA,"Enhanced",TRUE
2022,"Costa Rica",230118659,203679866,219371313,395550183,366321212,385095336,TRUE,"UK-Central America Association Agreement",NA,FALSE
2022,"Cuba",12153769,0,0,1634089,0,0,FALSE,NA,NA,FALSE
2022,"Curaçao",1891,0,0,1032,0,0,FALSE,NA,NA,FALSE
2022,"Côte d’Ivoire",243360003,106844979,107942804,134513661,67459859,67864853,TRUE,"UK-Cote d'Ivoire Stepping Stone EPA",NA,FALSE
2022,"Djibouti",2462532,0,0,884366,0,0,FALSE,NA,"Comprehensive",TRUE
2022,"Dominica",547430,33736,36398,526503,8144,8365,TRUE,"CARIFORUM-UK Economic Partnership Agreement",NA,FALSE
2022,"Dominican Republic",80312201,61351651,65273627,88733130,75862190,77979572,TRUE,"CARIFORUM-UK Economic Partnership Agreement",NA,FALSE
2022,"Ecuador",224269171,195530832,222368050,122107048,114767996,121733223,TRUE,"UK-Andean Countries Trade Agreement",NA,FALSE
2022,"Egypt",260131532,216383193,226055720,258531421,189030704,194259856,TRUE,"UK-Egypt Association Agreement",NA,FALSE
2022,"El Salvador",9226032,3808979,3821772,10384988,9448282,9450438,TRUE,"UK-Central America Association Agreement",NA,FALSE
2022,"Eritrea",119411,2832,2832,100417,3120,3120,FALSE,NA,"Comprehensive",TRUE
2022,"Eswatini",8292110,7824655,7900305,9930668,9287713,9327936,TRUE,"SACUM-UK Economic Partnership Agreement",NA,FALSE
2022,"Ethiopia",51546229,20717566,27834846,14866806,5246477,6373609,FALSE,NA,"Comprehensive",TRUE
2022,"European Union",37570373769,32220084706,32903289279,21511788868,16452439697,16711952642,TRUE,"UK-EU Trade and Cooperation Agreement",NA,FALSE
2022,"Falkland Islands",2235098,1819388,1993182,575599,472940,507461,FALSE,NA,NA,FALSE
2022,"Faroe Islands",310978780,233559398,302907157,89247285,30913894,84230711,TRUE,"UK-Faroe Islands Free Trade Agreement",NA,FALSE
2022,"Fiji",2141798,68403,90200,4958124,19801,21907,TRUE,"UK-Pacific Economic Partnership Agreement",NA,FALSE
2022,"French Polynesia",72868,0,0,1619,0,0,FALSE,NA,NA,FALSE
2022,"Gabon",7118,0,0,10500,0,0,FALSE,NA,NA,FALSE
2022,"Gambia",1750575,1225865,1285129,1322939,527753,539136,FALSE,NA,"Comprehensive",TRUE
2022,"Georgia",1595675,259770,1208426,714895,62703,392574,TRUE,"UK-Georgia Strategic Partnership and Cooperation Agreement",NA,FALSE
2022,"Ghana",132041754,86088557,87306510,77770110,62460652,63436509,TRUE,"UK-Ghana Interim Trade Partnership Agreement",NA,FALSE
2022,"Gibraltar",5685,0,0,500,0,0,FALSE,NA,NA,FALSE
2022,"Greenland",70768298,0,0,9904997,0,0,FALSE,NA,NA,FALSE
2022,"Grenada",132408,57693,57693,34830,24238,24238,TRUE,"CARIFORUM-UK Economic Partnership Agreement",NA,FALSE
2022,"Guam",584498,0,0,322142,0,0,FALSE,NA,NA,FALSE
2022,"Guatemala",90611390,46964614,50108221,78614568,61646605,64793558,TRUE,"UK-Central America Association Agreement",NA,FALSE
2022,"Guinea",244352,68481,68481,192920,62687,62687,FALSE,NA,"Comprehensive",TRUE
2022,"Guinea-Bissau",5626,0,0,2211,0,0,FALSE,NA,"Comprehensive",TRUE
2022,"Guyana",16922940,14838802,15528221,26447228,25767935,26132314,TRUE,"CARIFORUM-UK Economic Partnership Agreement",NA,FALSE
2022,"Haiti",3354,0,3354,122,0,122,FALSE,NA,"Comprehensive",TRUE
2022,"Honduras",130535643,79430514,81828752,78142096,39919212,40986368,TRUE,"UK-Central America Association Agreement",NA,FALSE
2022,"Hong Kong SAR China",36047487,0,0,12088306,0,0,FALSE,NA,NA,FALSE
2022,"Iceland",379887908,261312298,263303741,106708212,39694085,40042498,TRUE,"UK-Iceland-Liechtenstein-Norway FTA",NA,FALSE
2022,"India",812525479,291975130,317789700,704898101,115322961,126487780,TRUE,"UK-India Comprehensive Economic and Trade Agreement (CETA)","Standard",TRUE
2022,"Indonesia",387130586,70707632,90442320,518325005,21972541,25874569,FALSE,NA,"Standard",TRUE
2022,"Iran",14442001,0,0,5767774,0,0,FALSE,NA,NA,FALSE
2022,"Iraq",491830,0,0,629837,0,0,FALSE,NA,NA,FALSE
2022,"Israel",142309562,109232497,117490747,74115172,63110703,65529574,TRUE,"UK-Israel Trade and Partnership Agreement",NA,FALSE
2022,"Jamaica",59132841,21598359,39533790,21888897,12725286,17254960,TRUE,"CARIFORUM-UK Economic Partnership Agreement",NA,FALSE
2022,"Japan",87358394,42261151,59564504,15680293,9878948,13346341,TRUE,"UK-Japan Comprehensive Economic Partnership Agreement; CPTPP",NA,FALSE
2022,"Jordan",12007988,11313689,11486939,3367932,2759190,2822341,TRUE,"UK-Jordan Association Agreement",NA,FALSE
2022,"Kazakhstan",15277003,0,0,19371149,0,0,FALSE,NA,NA,FALSE
2022,"Kenya",391747436,242153701,262059703,126108138,60710233,65059087,TRUE,"UK-Kenya Economic Partnership Agreement",NA,FALSE
2022,"Kosovo",3255158,1647103,2035769,2181829,1209923,1298876,TRUE,"UK-Kosovo Partnership, Trade and Cooperation Agreement",NA,FALSE
2022,"Kuwait",323449,0,0,65720,0,0,FALSE,NA,NA,FALSE
2022,"Kyrgyzstan",109027,0,48529,48880,0,8099,FALSE,NA,"Enhanced",TRUE
2022,"Laos",503771,475234,489009,515756,495500,506540,FALSE,NA,"Comprehensive",TRUE
2022,"Lebanon",12741017,6651391,6989581,4641758,2596976,2736812,TRUE,"UK-Lebanon Association Agreement",NA,FALSE
2022,"Lesotho",321453,178909,317725,414680,394120,414080,TRUE,"SACUM-UK Economic Partnership Agreement","Comprehensive",TRUE
2022,"Liberia",10784,0,0,11500,0,0,FALSE,NA,"Comprehensive",TRUE
2022,"Libya",13506,0,0,35400,0,0,FALSE,NA,NA,FALSE
2022,"Liechtenstein",5164505,0,2096,2286543,0,430,TRUE,"UK-Iceland-Liechtenstein-Norway FTA; UK-Switzerland-Liechtenstein Trade Agreement",NA,FALSE
2022,"Macao SAR China",112995,0,0,63162,0,0,FALSE,NA,NA,FALSE
2022,"Madagascar",15673848,9496811,12296260,2131567,564971,634225,TRUE,"ESA-UK Economic Partnership Agreement","Comprehensive",TRUE
2022,"Malawi",25060551,3779563,4058311,22757096,9634372,9674843,FALSE,NA,"Comprehensive",TRUE
2022,"Malaysia",326920166,0,0,228950524,0,0,TRUE,"CPTPP",NA,FALSE
2022,"Maldives",11430383,0,0,3180059,0,0,FALSE,NA,NA,FALSE
2022,"Mali",1421604,83896,162948,1721736,74985,137185,FALSE,NA,"Comprehensive",TRUE
2022,"Marshall Islands",213695,0,0,67264,0,0,FALSE,NA,NA,FALSE
2022,"Mauritania",586981,168226,511013,473613,92709,400713,FALSE,NA,"Comprehensive",TRUE
2022,"Mauritius",82645250,76542323,76874375,39969790,39636315,39899419,TRUE,"ESA-UK Economic Partnership Agreement",NA,FALSE
2022,"Mexico",183860770,67517429,77117187,49904274,24233133,27718157,TRUE,"UK-Mexico Trade Continuity Agreement; CPTPP",NA,FALSE
2022,"Micronesia (Federated States of)",21241,21241,21241,2419,2419,2419,FALSE,NA,NA,FALSE
2022,"Moldova",11815079,6580871,7491182,13844917,5861819,6742848,TRUE,"UK-Moldova Strategic Partnership, Trade and Cooperation Agreement",NA,FALSE
2022,"Mongolia",399139,0,392072,17104,0,16203,FALSE,NA,"Enhanced",TRUE
2022,"Montenegro",77458,0,0,22079,0,0,FALSE,NA,NA,FALSE
2022,"Morocco",510456551,461030067,495257354,318390435,293497262,312503654,TRUE,"UK-Morocco Association Agreement",NA,FALSE
2022,"Mozambique",11480667,3508649,3541732,23700715,5490151,5499730,TRUE,"SACUM-UK Economic Partnership Agreement","Comprehensive",TRUE
2022,"Myanmar (Burma)",52805020,44160446,47706798,85944276,75084719,81960150,FALSE,NA,"Comprehensive",TRUE
2022,"Nauru",15771,0,0,1852,0,0,FALSE,NA,NA,FALSE
2022,"Nepal",1398296,1027225,1045445,784858,673447,685634,FALSE,NA,"Comprehensive",TRUE
2022,"New Caledonia",40006,0,0,1990,0,0,FALSE,NA,NA,FALSE
2022,"New Zealand",564288106,0,0,137674926,0,0,TRUE,"UK-New Zealand Free Trade Agreement; CPTPP",NA,FALSE
2022,"Nicaragua",58355023,30165366,30645650,61698502,35511572,35636916,TRUE,"UK-Central America Association Agreement",NA,FALSE
2022,"Niger",353853,29837,284884,176813,15707,156229,FALSE,NA,"Comprehensive",TRUE
2022,"Nigeria",16585678,7580843,8337731,16378584,8562192,8878692,FALSE,NA,"Enhanced",TRUE
2022,"North Macedonia",8651092,6279444,6977650,3565347,2988865,3263893,TRUE,"UK-North Macedonia Partnership, Trade and Cooperation Agreement",NA,FALSE
2022,"Northern Mariana Islands",876,0,0,2,0,0,FALSE,NA,NA,FALSE
2022,"Norway",803611318,238965254,245728526,181728481,54334889,57144678,TRUE,"UK-Iceland-Liechtenstein-Norway FTA",NA,FALSE
2022,"Oman",1314825,0,0,407149,0,0,FALSE,NA,NA,FALSE
2022,"Pakistan",187256733,56960787,59848408,250313053,48801435,51227964,FALSE,NA,"Enhanced",TRUE
2022,"Palestine",5085998,5028437,5052569,1001547,989131,992756,TRUE,"UK-Palestinian Authority Political, Trade and Partnership Agreement",NA,FALSE
2022,"Panama",35069137,19902789,22637240,54112227,34381391,39155407,TRUE,"UK-Central America Association Agreement",NA,FALSE
2022,"Papua New Guinea",186337306,180965878,184120882,147998088,145252557,147015162,TRUE,"UK-Pacific Economic Partnership Agreement",NA,FALSE
2022,"Paraguay",102508140,0,0,208423037,0,0,FALSE,NA,NA,FALSE
2022,"Peru",434946885,311376450,342597836,182501600,131404275,142927758,TRUE,"UK-Andean Countries Trade Agreement; CPTPP",NA,FALSE
2022,"Philippines",122443758,84317222,97927078,53439100,40526735,46856801,FALSE,NA,"Enhanced",TRUE
2022,"Pitcairn Islands",9342,0,0,540,0,0,FALSE,NA,NA,FALSE
2022,"Qatar",222373,0,0,25062,0,0,FALSE,NA,NA,FALSE
2022,"Russia",175377490,0,0,177630687,0,0,FALSE,NA,NA,FALSE
2022,"Rwanda",25332586,3587253,4229760,7883354,1079608,1213522,FALSE,NA,"Comprehensive",TRUE
2022,"Samoa",9839,0,9839,981,0,981,TRUE,"UK-Pacific Economic Partnership Agreement",NA,FALSE
2022,"San Marino",403318,315459,403318,38124,32400,38124,FALSE,NA,NA,FALSE
2022,"Saudi Arabia",6564544,0,0,4162885,0,0,FALSE,NA,NA,FALSE
2022,"Senegal",40218878,36352974,37769952,36246600,33216696,33915108,FALSE,NA,"Comprehensive",TRUE
2022,"Serbia",68853824,51013502,58616870,48169012,21737306,24351917,TRUE,"UK-Serbia Partnership, Trade and Cooperation Agreement",NA,FALSE
2022,"Seychelles",56297849,51361394,53560724,13259648,12402825,12880017,TRUE,"ESA-UK Economic Partnership Agreement",NA,FALSE
2022,"Sierra Leone",413948,170430,200017,451439,301096,323656,FALSE,NA,"Comprehensive",TRUE
2022,"Singapore",35538725,25036978,28354624,12846409,10844903,11603350,TRUE,"UK-Singapore Free Trade Agreement; UK-Singapore Digital Economy Agreement; CPTPP",NA,FALSE
2022,"Sint Maarten",308737,0,0,82057,0,0,FALSE,NA,NA,FALSE
2022,"Solomon Islands",14486796,14060425,14442605,13179596,12914405,13168057,TRUE,"UK-Pacific Economic Partnership Agreement","Comprehensive",TRUE
2022,"Somalia",719997,0,37004,352878,0,56894,FALSE,NA,"Comprehensive",TRUE
2022,"South Africa",801693358,621282787,676911387,588640524,430362899,475496884,TRUE,"SACUM-UK Economic Partnership Agreement",NA,FALSE
2022,"South Korea",107935924,73943524,95449717,24245397,16500807,22371950,TRUE,"UK-South Korea Trade Agreement (updated Dec 2025)",NA,FALSE
2022,"South Sudan",31651,0,17535,1718,0,1175,FALSE,NA,"Comprehensive",TRUE
2022,"Sri Lanka",74467030,43292714,45219747,30651423,17295608,17838715,FALSE,NA,"Enhanced",TRUE
2022,"St. Barthélemy",1306808,0,0,231498,0,0,FALSE,NA,NA,FALSE
2022,"St. Helena",41176,41176,41176,1758,1758,1758,FALSE,NA,NA,FALSE
2022,"St. Kitts & Nevis",29332,0,29332,3669,0,3669,TRUE,"CARIFORUM-UK Economic Partnership Agreement",NA,FALSE
2022,"St. Lucia",1720028,1030071,1047236,1016320,891267,896693,TRUE,"CARIFORUM-UK Economic Partnership Agreement",NA,FALSE
2022,"St. Vincent & Grenadines",222772,218057,221537,166268,166121,166218,TRUE,"CARIFORUM-UK Economic Partnership Agreement",NA,FALSE
2022,"Sudan",11827043,250983,290574,6317526,78935,94318,FALSE,NA,"Comprehensive",TRUE
2022,"Suriname",1565225,1149322,1239876,518776,412275,428447,TRUE,"CARIFORUM-UK Economic Partnership Agreement",NA,FALSE
2022,"Switzerland",459750039,408908233,423429780,110037832,100756931,102360301,TRUE,"UK-Switzerland Trade Agreement",NA,FALSE
2022,"Syria",636599,259994,511778,496979,293811,417761,FALSE,NA,"Enhanced",TRUE
2022,"Taiwan",43378970,0,0,14786722,0,0,FALSE,NA,NA,FALSE
2022,"Tanzania",20688069,5824008,6513483,10419841,2642420,2837196,FALSE,NA,"Comprehensive",TRUE
2022,"Thailand",936419056,0,0,328869528,0,0,FALSE,NA,NA,FALSE
2022,"Timor-Leste",159825,0,1690,31130,0,336,FALSE,NA,"Comprehensive",TRUE
2022,"Togo",279557,80157,185301,185301,3105,87355,FALSE,NA,"Comprehensive",TRUE
2022,"Tonga",3827,0,0,1115,0,0,FALSE,NA,NA,FALSE
2022,"Trinidad & Tobago",3359479,723732,757114,654050,413001,413530,TRUE,"CARIFORUM-UK Economic Partnership Agreement",NA,FALSE
2022,"Tunisia",13452294,5474920,10390904,7346427,3248346,5082671,TRUE,"UK-Tunisia Association Agreement",NA,FALSE
2022,"Turkey",712870601,579944439,612378194,562706936,280710558,294814745,TRUE,"UK-Turkey Trade Agreement",NA,FALSE
2022,"Turkmenistan",31545,0,0,8798,0,0,FALSE,NA,NA,FALSE
2022,"Turks & Caicos Islands",135859,72224,72224,196740,13994,13994,FALSE,NA,NA,FALSE
2022,"U.S. Virgin Islands",98919,0,0,28227,0,0,FALSE,NA,NA,FALSE
2022,"Uganda",16560429,8559754,9593890,8255980,5132618,5389843,FALSE,NA,"Comprehensive",TRUE
2022,"Ukraine",421140298,155595822,189362065,803098560,96803779,122087879,TRUE,"UK-Ukraine Political, Free Trade and Strategic Partnership Agreement; UK-Ukraine Digital Trade Agreement",NA,FALSE
2022,"United Arab Emirates",22560114,0,0,15263730,0,0,FALSE,NA,NA,FALSE
2022,"United Kingdom",154358797,0,0,47746074,0,0,FALSE,NA,NA,FALSE
2022,"United States",1674719945,0,0,1250007534,0,0,TRUE,"UK-US Economic Prosperity Deal (partial)",NA,FALSE
2022,"Unknown",24746680,23604538,24375241,11198712,10796259,11073947,FALSE,NA,NA,FALSE
2022,"Uruguay",183572242,0,0,246718739,0,0,FALSE,NA,NA,FALSE
2022,"Uzbekistan",1776426,126957,726839,648976,50239,142120,FALSE,NA,"Enhanced",TRUE
2022,"Vatican City",1544,0,0,756,0,0,FALSE,NA,NA,FALSE
2022,"Venezuela",2956766,0,0,584099,0,0,FALSE,NA,NA,FALSE
2022,"Vietnam",607086470,346568085,384432091,161882804,71981283,81221390,TRUE,"UK-Vietnam Free Trade Agreement; CPTPP",NA,FALSE
2022,"Wallis & Futuna",4616,0,0,13,0,0,FALSE,NA,NA,FALSE
2022,"Yemen",473558,56239,71220,103416,38628,56085,FALSE,NA,"Comprehensive",TRUE
2022,"Zambia",2200277,1576145,1786151,536419,369217,424555,FALSE,NA,"Comprehensive",TRUE
2022,"Zimbabwe",10355506,7295621,8549926,7438108,5763149,6277853,TRUE,"ESA-UK Economic Partnership Agreement",NA,FALSE
2023,"Afghanistan",1238829,1004089,1037722,440654,401483,418786,FALSE,NA,"Comprehensive",TRUE
2023,"Albania",3996850,1738663,2140891,2869008,1106142,1152714,TRUE,"UK-Albania Partnership, Trade and Cooperation Agreement",NA,FALSE
2023,"Algeria",2301963,611012,1251344,3813167,637254,838177,FALSE,NA,"Enhanced",TRUE
2023,"Andorra",13329,0,0,2856,0,0,FALSE,NA,NA,FALSE
2023,"Angola",112541,0,76427,21041,0,3041,FALSE,NA,"Comprehensive",TRUE
2023,"Anguilla",3832,0,3832,168,0,168,FALSE,NA,NA,FALSE
2023,"Antigua & Barbuda",184591,94798,178391,22923,7241,22439,TRUE,"CARIFORUM-UK Economic Partnership Agreement",NA,FALSE
2023,"Argentina",778886526,0,0,1642788401,0,0,FALSE,NA,NA,FALSE
2023,"Armenia",389900,0,0,153265,0,0,FALSE,NA,NA,FALSE
2023,"Australia",445101818,192911640,232947636,385086981,177270099,202212593,TRUE,"UK-Australia Free Trade Agreement; CPTPP",NA,FALSE
2023,"Azerbaijan",93807,0,0,17962,0,0,FALSE,NA,NA,FALSE
2023,"Bahamas",145283,0,140591,4268,0,4074,TRUE,"CARIFORUM-UK Economic Partnership Agreement",NA,FALSE
2023,"Bahrain",790499,0,0,134793,0,0,FALSE,NA,NA,FALSE
2023,"Bangladesh",80992715,70512432,70829694,24626889,21358436,21470767,FALSE,NA,"Comprehensive",TRUE
2023,"Barbados",6980485,2930148,3750854,1787310,1042877,1231341,TRUE,"CARIFORUM-UK Economic Partnership Agreement",NA,FALSE
2023,"Belarus",2717,0,0,1030,0,0,FALSE,NA,NA,FALSE
2023,"Belize",46394561,45976612,46269719,78580258,78343215,78509590,TRUE,"CARIFORUM-UK Economic Partnership Agreement",NA,FALSE
2023,"Benin",939112,285446,285446,356473,207365,207365,FALSE,NA,"Comprehensive",TRUE
2023,"Bermuda",271261,222797,224797,44163,26460,26960,FALSE,NA,NA,FALSE
2023,"Bhutan",17869,0,17869,22567,0,22567,FALSE,NA,"Comprehensive",TRUE
2023,"Bolivia",17242939,191474,445099,4016808,95274,159294,FALSE,NA,"Enhanced",TRUE
2023,"Bosnia & Herzegovina",1479637,0,0,1104087,0,0,FALSE,NA,NA,FALSE
2023,"Botswana",21621,0,0,3093,0,0,TRUE,"SACUM-UK Economic Partnership Agreement",NA,FALSE
2023,"Brazil",1585887232,0,0,1923350655,0,0,FALSE,NA,NA,FALSE
2023,"Brunei",7141,0,0,722,0,0,FALSE,NA,NA,FALSE
2023,"Burkina Faso",6607079,152926,346530,1084185,45837,94327,FALSE,NA,"Comprehensive",TRUE
2023,"Burundi",1059076,0,0,195736,0,0,FALSE,NA,"Comprehensive",TRUE
2023,"Cambodia",15400953,14880841,15241254,24858267,24514991,24820377,FALSE,NA,"Comprehensive",TRUE
2023,"Cameroon",25005115,24162121,24465109,41514131,41090403,41185103,TRUE,"UK-Cameroon Economic Partnership Agreement",NA,FALSE
2023,"Canada",662324450,170647276,197039467,1265629865,33291379,38285382,TRUE,"UK-Canada Trade Continuity Agreement; CPTPP",NA,FALSE
2023,"Cape Verde",69648,0,52748,23578,0,1654,FALSE,NA,"Enhanced",TRUE
2023,"Caribbean Netherlands",9650,0,0,2,0,0,FALSE,NA,NA,FALSE
2023,"Cayman Islands",169093,0,2275,79892,0,100,FALSE,NA,NA,FALSE
2023,"Chad",1230902,0,0,961835,0,0,FALSE,NA,"Comprehensive",TRUE
2023,"Chile",403979255,338617266,366634076,204841847,179112443,188881971,TRUE,"UK-Chile Association Agreement; CPTPP",NA,FALSE
2023,"China",2219824307,0,0,678974936,0,0,FALSE,NA,NA,FALSE
2023,"Christmas Island",2112,0,0,36,0,0,FALSE,NA,NA,FALSE
2023,"Cocos (Keeling) Islands",38837,0,0,11664,0,0,FALSE,NA,NA,FALSE
2023,"Colombia",366217754,287772682,306481127,322096981,301552283,305104144,TRUE,"UK-Andean Countries Trade Agreement",NA,FALSE
2023,"Comoros",218923,123927,218923,46263,36135,46263,FALSE,NA,"Comprehensive",TRUE
2023,"Congo - Brazzaville",93192,0,3852,21589,0,467,FALSE,NA,"Enhanced",TRUE
2023,"Congo - Kinshasa",745535,1514,6514,172100,947,3814,FALSE,NA,"Comprehensive",TRUE
2023,"Cook Islands",968,0,968,27,0,27,FALSE,NA,"Enhanced",TRUE
2023,"Costa Rica",245225839,217896121,234902724,364425152,341149080,359446255,TRUE,"UK-Central America Association Agreement",NA,FALSE
2023,"Cuba",12807825,0,0,956441,0,0,FALSE,NA,NA,FALSE
2023,"Côte d’Ivoire",271669584,144913270,145810202,127078312,66364507,66570387,TRUE,"UK-Cote d'Ivoire Stepping Stone EPA",NA,FALSE
2023,"Djibouti",727553,0,0,210200,0,0,FALSE,NA,"Comprehensive",TRUE
2023,"Dominica",183732,53839,53839,144705,31087,31087,TRUE,"CARIFORUM-UK Economic Partnership Agreement",NA,FALSE
2023,"Dominican Republic",83223413,60595928,64102332,85735551,72174262,73451502,TRUE,"CARIFORUM-UK Economic Partnership Agreement",NA,FALSE
2023,"Ecuador",261106611,225114547,256845785,130348654,122635037,129128780,TRUE,"UK-Andean Countries Trade Agreement",NA,FALSE
2023,"Egypt",311559688,262596468,284481015,274436002,232809219,244634022,TRUE,"UK-Egypt Association Agreement",NA,FALSE
2023,"El Salvador",6667565,2369207,2403418,4006514,3160836,3167341,TRUE,"UK-Central America Association Agreement",NA,FALSE
2023,"Eritrea",62881,0,0,51401,0,0,FALSE,NA,"Comprehensive",TRUE
2023,"Eswatini",6620039,6052249,6434652,6339084,6033363,6177000,TRUE,"SACUM-UK Economic Partnership Agreement",NA,FALSE
2023,"Ethiopia",42384583,18121968,22590143,12958070,4481040,5233547,FALSE,NA,"Comprehensive",TRUE
2023,"European Union",40926863014,35376739410,36121924752,20535766224,15746124867,15980280761,TRUE,"UK-EU Trade and Cooperation Agreement",NA,FALSE
2023,"Falkland Islands",1948393,1610407,1759622,559654,534042,559641,FALSE,NA,NA,FALSE
2023,"Faroe Islands",248536348,165803550,233062500,63663128,24379163,56883599,TRUE,"UK-Faroe Islands Free Trade Agreement",NA,FALSE
2023,"Fiji",27701721,23195926,23287928,39868664,34857311,34864023,TRUE,"UK-Pacific Economic Partnership Agreement",NA,FALSE
2023,"French Polynesia",49818,0,0,7394,0,0,FALSE,NA,NA,FALSE
2023,"French Southern Territories",1098,0,0,20,0,0,FALSE,NA,NA,FALSE
2023,"Gabon",10107,0,0,1481,0,0,FALSE,NA,NA,FALSE
2023,"Gambia",3115638,1980741,2096013,1632921,702457,713226,FALSE,NA,"Comprehensive",TRUE
2023,"Georgia",2151867,1408825,1634007,1021586,489397,523663,TRUE,"UK-Georgia Strategic Partnership and Cooperation Agreement",NA,FALSE
2023,"Ghana",131745985,82279358,83625395,71359746,55532385,55916017,TRUE,"UK-Ghana Interim Trade Partnership Agreement",NA,FALSE
2023,"Greenland",72113677,0,0,9453436,0,0,FALSE,NA,NA,FALSE
2023,"Grenada",169890,58867,60850,33219,17064,17221,TRUE,"CARIFORUM-UK Economic Partnership Agreement",NA,FALSE
2023,"Guam",21206,0,0,7384,0,0,FALSE,NA,NA,FALSE
2023,"Guatemala",109397743,76075922,78923123,103923987,90755886,94643919,TRUE,"UK-Central America Association Agreement",NA,FALSE
2023,"Guinea",955253,897936,955253,4957195,4952791,4957195,FALSE,NA,"Comprehensive",TRUE
2023,"Guinea-Bissau",12528,0,12528,764,0,764,FALSE,NA,"Comprehensive",TRUE
2023,"Guyana",12390564,10730403,10960653,11318510,10861873,10946117,TRUE,"CARIFORUM-UK Economic Partnership Agreement",NA,FALSE
2023,"Haiti",130703,0,2166,11616,0,50,FALSE,NA,"Comprehensive",TRUE
2023,"Honduras",120830946,76695029,78893663,56719318,36158621,37453770,TRUE,"UK-Central America Association Agreement",NA,FALSE
2023,"Hong Kong SAR China",62935841,0,0,11525828,0,0,FALSE,NA,NA,FALSE
2023,"Iceland",369494026,250848400,257784363,92974998,41288919,42103495,TRUE,"UK-Iceland-Liechtenstein-Norway FTA",NA,FALSE
2023,"India",859072931,280470647,305562114,727705580,117284793,126537199,TRUE,"UK-India Comprehensive Economic and Trade Agreement (CETA)","Standard",TRUE
2023,"Indonesia",296213202,57540149,80391646,442534323,22674404,28180757,FALSE,NA,"Standard",TRUE
2023,"Iran",11379774,0,0,6112127,0,0,FALSE,NA,NA,FALSE
2023,"Iraq",3238610,0,0,8009983,0,0,FALSE,NA,NA,FALSE
2023,"Israel",162202276,129649326,139345264,86042206,76021284,78413883,TRUE,"UK-Israel Trade and Partnership Agreement",NA,FALSE
2023,"Jamaica",68617984,27470881,48094827,24438989,15659286,20566925,TRUE,"CARIFORUM-UK Economic Partnership Agreement",NA,FALSE
2023,"Japan",95648782,42480568,60243630,19070387,11098746,16945499,TRUE,"UK-Japan Comprehensive Economic Partnership Agreement; CPTPP",NA,FALSE
2023,"Jordan",13936966,12472679,13626539,3698866,3102195,3339448,TRUE,"UK-Jordan Association Agreement",NA,FALSE
2023,"Kazakhstan",16467001,0,0,22358612,0,0,FALSE,NA,NA,FALSE
2023,"Kenya",373220015,237065300,255236030,118354712,61115486,64156312,TRUE,"UK-Kenya Economic Partnership Agreement",NA,FALSE
2023,"Kosovo",2189725,1516881,1928114,1414509,1233438,1324424,TRUE,"UK-Kosovo Partnership, Trade and Cooperation Agreement",NA,FALSE
2023,"Kuwait",284136,0,0,231507,0,0,FALSE,NA,NA,FALSE
2023,"Kyrgyzstan",210560,8850,56825,292948,26460,35512,FALSE,NA,"Enhanced",TRUE
2023,"Laos",1130330,1098415,1101732,987943,957222,958537,FALSE,NA,"Comprehensive",TRUE
2023,"Lebanon",15811264,8814079,9181747,5763927,3251134,3467013,TRUE,"UK-Lebanon Association Agreement",NA,FALSE
2023,"Lesotho",278980,208482,276461,492480,484000,492180,TRUE,"SACUM-UK Economic Partnership Agreement","Comprehensive",TRUE
2023,"Liberia",428981,0,0,508737,0,0,FALSE,NA,"Comprehensive",TRUE
2023,"Libya",22464,0,0,76684,0,0,FALSE,NA,NA,FALSE
2023,"Liechtenstein",8518247,0,524703,3654016,0,274449,TRUE,"UK-Iceland-Liechtenstein-Norway FTA; UK-Switzerland-Liechtenstein Trade Agreement",NA,FALSE
2023,"Macao SAR China",57407,0,0,4039,0,0,FALSE,NA,NA,FALSE
2023,"Madagascar",18077064,10692920,14803293,2403664,786252,880163,TRUE,"ESA-UK Economic Partnership Agreement","Comprehensive",TRUE
2023,"Malawi",14323766,35450,43451,8993424,25462,25804,FALSE,NA,"Comprehensive",TRUE
2023,"Malaysia",181575171,0,0,148140094,0,0,TRUE,"CPTPP",NA,FALSE
2023,"Maldives",20010808,0,0,4644686,0,0,FALSE,NA,NA,FALSE
2023,"Mali",468206,94083,203642,346171,78400,160315,FALSE,NA,"Comprehensive",TRUE
2023,"Marshall Islands",65456,0,0,2948,0,0,FALSE,NA,NA,FALSE
2023,"Mauritania",1899184,599842,1885984,1552557,748499,1551237,FALSE,NA,"Comprehensive",TRUE
2023,"Mauritius",94740867,85139953,85343052,44023382,43765081,43788982,TRUE,"ESA-UK Economic Partnership Agreement",NA,FALSE
2023,"Mexico",191165932,70063623,79390615,46883207,25584225,28859848,TRUE,"UK-Mexico Trade Continuity Agreement; CPTPP",NA,FALSE
2023,"Micronesia (Federated States of)",21521,21521,21521,552,552,552,FALSE,NA,NA,FALSE
2023,"Moldova",7819136,7003445,7490301,6032787,5493214,5767867,TRUE,"UK-Moldova Strategic Partnership, Trade and Cooperation Agreement",NA,FALSE
2023,"Mongolia",35820,0,12206,23836,0,1330,FALSE,NA,"Enhanced",TRUE
2023,"Montenegro",55661,0,0,9133,0,0,FALSE,NA,NA,FALSE
2023,"Morocco",566786444,505576379,546014714,302496712,269089874,289766680,TRUE,"UK-Morocco Association Agreement",NA,FALSE
2023,"Mozambique",10816512,2010366,2067194,35232371,1376452,1404770,TRUE,"SACUM-UK Economic Partnership Agreement","Comprehensive",TRUE
2023,"Myanmar (Burma)",59444884,45072794,52688333,72113634,57219215,65678702,FALSE,NA,"Comprehensive",TRUE
2023,"Nepal",1224121,982636,1003888,826307,706976,719936,FALSE,NA,"Comprehensive",TRUE
2023,"New Caledonia",122368,0,0,21529,0,0,FALSE,NA,NA,FALSE
2023,"New Zealand",536568345,184994169,223891682,142204969,59114623,67082751,TRUE,"UK-New Zealand Free Trade Agreement; CPTPP",NA,FALSE
2023,"Nicaragua",77601888,47511030,47569208,75246483,58176470,58177953,TRUE,"UK-Central America Association Agreement",NA,FALSE
2023,"Niger",324480,8198,324480,189185,4194,189185,FALSE,NA,"Comprehensive",TRUE
2023,"Nigeria",17475574,6736933,7552704,23992422,12768995,13265293,FALSE,NA,"Enhanced",TRUE
2023,"Norfolk Island",6227,0,0,14,0,0,FALSE,NA,NA,FALSE
2023,"North Macedonia",8548521,5925027,7067469,3143723,2575692,2915585,TRUE,"UK-North Macedonia Partnership, Trade and Cooperation Agreement",NA,FALSE
2023,"Norway",788067209,215469127,220780432,165566972,47759186,49365796,TRUE,"UK-Iceland-Liechtenstein-Norway FTA",NA,FALSE
2023,"Oman",1532211,0,0,1304065,0,0,FALSE,NA,NA,FALSE
2023,"Pakistan",221299545,63403804,65637017,229590546,50832389,52636797,FALSE,NA,"Enhanced",TRUE
2023,"Palestine",5516577,5429384,5502308,1048218,1015766,1038388,TRUE,"UK-Palestinian Authority Political, Trade and Partnership Agreement",NA,FALSE
2023,"Panama",27599773,19975138,21598947,37299597,34084323,36346972,TRUE,"UK-Central America Association Agreement",NA,FALSE
2023,"Papua New Guinea",172459983,161408267,169652560,198412179,187025635,196523670,TRUE,"UK-Pacific Economic Partnership Agreement",NA,FALSE
2023,"Paraguay",117076454,0,0,256780987,0,0,FALSE,NA,NA,FALSE
2023,"Peru",430674641,315443852,351725244,178545562,134001763,147236829,TRUE,"UK-Andean Countries Trade Agreement; CPTPP",NA,FALSE
2023,"Philippines",91835959,65134136,70053533,47293395,38026526,39928261,FALSE,NA,"Enhanced",TRUE
2023,"Pitcairn Islands",4140,0,0,620,0,0,FALSE,NA,NA,FALSE
2023,"Qatar",519212,0,0,375586,0,0,FALSE,NA,NA,FALSE
2023,"Russia",56129181,0,0,33979752,0,0,FALSE,NA,NA,FALSE
2023,"Rwanda",20976516,4236026,4440955,6650933,1278723,1322649,FALSE,NA,"Comprehensive",TRUE
2023,"Samoa",34054,31362,34054,24750,24550,24750,TRUE,"UK-Pacific Economic Partnership Agreement",NA,FALSE
2023,"San Marino",253257,101922,251430,13670,6859,13522,FALSE,NA,NA,FALSE
2023,"Saudi Arabia",9077970,0,0,7364376,0,0,FALSE,NA,NA,FALSE
2023,"Senegal",43872095,40021825,42126808,39883594,37285142,38209142,FALSE,NA,"Comprehensive",TRUE
2023,"Serbia",66932764,50114645,58228844,33696613,24096562,25904247,TRUE,"UK-Serbia Partnership, Trade and Cooperation Agreement",NA,FALSE
2023,"Seychelles",47451348,46509288,46592368,8938865,8795480,8817245,TRUE,"ESA-UK Economic Partnership Agreement",NA,FALSE
2023,"Sierra Leone",673343,185494,224279,668203,414052,427793,FALSE,NA,"Comprehensive",TRUE
2023,"Singapore",37011458,27130449,30070162,13602756,11794601,12498574,TRUE,"UK-Singapore Free Trade Agreement; UK-Singapore Digital Economy Agreement; CPTPP",NA,FALSE
2023,"Sint Maarten",442879,0,0,94945,0,0,FALSE,NA,NA,FALSE
2023,"Solomon Islands",71233,0,2676,20237,0,46,TRUE,"UK-Pacific Economic Partnership Agreement","Comprehensive",TRUE
2023,"Somalia",385895,0,27872,128955,0,23170,FALSE,NA,"Comprehensive",TRUE
2023,"South Africa",813646603,595622697,657560184,624177712,452347701,502963540,TRUE,"SACUM-UK Economic Partnership Agreement",NA,FALSE
2023,"South Korea",99371595,69757029,88041300,25941518,17994608,23481269,TRUE,"UK-South Korea Trade Agreement (updated Dec 2025)",NA,FALSE
2023,"South Sudan",117682,0,0,25186,0,0,FALSE,NA,"Comprehensive",TRUE
2023,"Sri Lanka",67604200,38834186,40668423,33432894,18854207,19339683,FALSE,NA,"Enhanced",TRUE
2023,"St. Barthélemy",342655,0,0,88890,0,0,FALSE,NA,NA,FALSE
2023,"St. Helena",1004496,551456,952240,125914,21691,124939,FALSE,NA,NA,FALSE
2023,"St. Kitts & Nevis",33227,0,10323,3047,0,1151,TRUE,"CARIFORUM-UK Economic Partnership Agreement",NA,FALSE
2023,"St. Lucia",1149059,601152,608664,337000,280687,281867,TRUE,"CARIFORUM-UK Economic Partnership Agreement",NA,FALSE
2023,"St. Vincent & Grenadines",291493,290310,290310,186866,186275,186275,TRUE,"CARIFORUM-UK Economic Partnership Agreement",NA,FALSE
2023,"Sudan",9778550,83160,313110,4195813,19300,104660,FALSE,NA,"Comprehensive",TRUE
2023,"Suriname",1359347,1243631,1266567,758122,725363,732780,TRUE,"CARIFORUM-UK Economic Partnership Agreement",NA,FALSE
2023,"Switzerland",483071246,367619468,448501292,106592905,94720771,99344571,TRUE,"UK-Switzerland Trade Agreement",NA,FALSE
2023,"Syria",1096613,543555,598509,755622,470134,550655,FALSE,NA,"Enhanced",TRUE
2023,"São Tomé & Príncipe",3492,0,1349,383,0,189,FALSE,NA,NA,FALSE
2023,"Taiwan",41392751,0,0,14629952,0,0,FALSE,NA,NA,FALSE
2023,"Tajikistan",193244,193244,193244,5289,5289,5289,FALSE,NA,"Enhanced",TRUE
2023,"Tanzania",15829435,6078225,7457210,8060496,3071848,3399462,FALSE,NA,"Comprehensive",TRUE
2023,"Thailand",967080011,0,0,365418989,0,0,FALSE,NA,NA,FALSE
2023,"Timor-Leste",160675,0,0,29922,0,0,FALSE,NA,"Comprehensive",TRUE
2023,"Togo",2683557,55218,65428,3567424,27690,31225,FALSE,NA,"Comprehensive",TRUE
2023,"Tonga",11541,0,0,1304,0,0,FALSE,NA,NA,FALSE
2023,"Trinidad & Tobago",3249655,687133,930509,672432,399813,414590,TRUE,"CARIFORUM-UK Economic Partnership Agreement",NA,FALSE
2023,"Tunisia",17560597,9036677,12021119,15367006,7218011,8360681,TRUE,"UK-Tunisia Association Agreement",NA,FALSE
2023,"Turkey",789410682,634390756,674227152,527775283,278437200,294194001,TRUE,"UK-Turkey Trade Agreement",NA,FALSE
2023,"Turkmenistan",2273,0,0,2000,0,0,FALSE,NA,NA,FALSE
2023,"Turks & Caicos Islands",32289,0,31252,18410,0,18400,FALSE,NA,NA,FALSE
2023,"U.S. Virgin Islands",252165,0,0,88005,0,0,FALSE,NA,NA,FALSE
2023,"Uganda",17320618,8552695,9648673,8464769,5576675,5744652,FALSE,NA,"Comprehensive",TRUE
2023,"Ukraine",353024999,93431853,152177404,742964196,73457547,134193418,TRUE,"UK-Ukraine Political, Free Trade and Strategic Partnership Agreement; UK-Ukraine Digital Trade Agreement",NA,FALSE
2023,"United Arab Emirates",26327447,0,0,24301451,0,0,FALSE,NA,NA,FALSE
2023,"United Kingdom",166703770,0,0,68447695,0,0,FALSE,NA,NA,FALSE
2023,"United States",1577707776,0,0,1421290367,0,0,TRUE,"UK-US Economic Prosperity Deal (partial)",NA,FALSE
2023,"Unknown",30626049,29643598,30326591,13080453,12761630,13012643,FALSE,NA,NA,FALSE
2023,"Uruguay",121837874,0,0,208401773,0,0,FALSE,NA,NA,FALSE
2023,"Uzbekistan",1411320,451676,820694,370639,148189,211645,FALSE,NA,"Enhanced",TRUE
2023,"Vatican City",6923,0,0,2493,0,0,FALSE,NA,NA,FALSE
2023,"Venezuela",2547525,0,0,546600,0,0,FALSE,NA,NA,FALSE
2023,"Vietnam",550223447,304862554,346967270,154619845,74481505,87386502,TRUE,"UK-Vietnam Free Trade Agreement; CPTPP",NA,FALSE
2023,"Yemen",846453,425182,602648,221128,106123,153869,FALSE,NA,"Comprehensive",TRUE
2023,"Zambia",1018393,491845,805253,276173,145514,205459,FALSE,NA,"Comprehensive",TRUE
2023,"Zimbabwe",7184637,4914495,6063269,4160186,3029505,3491491,TRUE,"ESA-UK Economic Partnership Agreement",NA,FALSE
2024,"Afghanistan",2199174,1406070,1855418,961802,665485,905186,FALSE,NA,"Comprehensive",TRUE
2024,"Albania",4939537,2895714,3262766,4578470,2254952,2317565,TRUE,"UK-Albania Partnership, Trade and Cooperation Agreement",NA,FALSE
2024,"Algeria",3806871,1301371,2045733,7297197,1051093,1344331,FALSE,NA,"Enhanced",TRUE
2024,"American Samoa",3560,0,0,19,0,0,FALSE,NA,NA,FALSE
2024,"Andorra",12020,0,0,4413,0,0,FALSE,NA,NA,FALSE
2024,"Angola",103362,0,98620,6058,0,4155,FALSE,NA,"Comprehensive",TRUE
2024,"Antigua & Barbuda",260295,149014,184526,146361,39000,67860,TRUE,"CARIFORUM-UK Economic Partnership Agreement",NA,FALSE
2024,"Argentina",766651014,0,0,1956283357,0,0,FALSE,NA,NA,FALSE
2024,"Armenia",235846,0,0,31476,0,0,FALSE,NA,NA,FALSE
2024,"Australia",471899507,351321751,390446745,308819144,228869330,248948172,TRUE,"UK-Australia Free Trade Agreement; CPTPP",NA,FALSE
2024,"Azerbaijan",258551,0,0,81370,0,0,FALSE,NA,NA,FALSE
2024,"Bahamas",628213,458780,575699,16173,11813,15314,TRUE,"CARIFORUM-UK Economic Partnership Agreement",NA,FALSE
2024,"Bahrain",356477,0,0,152439,0,0,FALSE,NA,NA,FALSE
2024,"Bangladesh",72995993,68645283,68830254,24492675,23065647,23185721,FALSE,NA,"Comprehensive",TRUE
2024,"Barbados",7305115,401780,2340886,1496592,160073,418671,TRUE,"CARIFORUM-UK Economic Partnership Agreement",NA,FALSE
2024,"Belarus",690407,0,0,3534633,0,0,FALSE,NA,NA,FALSE
2024,"Belize",44195557,43106084,43358008,66745225,66287107,66543763,TRUE,"CARIFORUM-UK Economic Partnership Agreement",NA,FALSE
2024,"Benin",4635811,340607,353495,1164582,330398,334848,FALSE,NA,"Comprehensive",TRUE
2024,"Bermuda",473662,0,0,47725,0,0,FALSE,NA,NA,FALSE
2024,"Bolivia",25852748,687402,879125,5656435,467860,523947,FALSE,NA,"Enhanced",TRUE
2024,"Bosnia & Herzegovina",1155573,0,0,618236,0,0,FALSE,NA,NA,FALSE
2024,"Botswana",603828,603828,603828,168613,168613,168613,TRUE,"SACUM-UK Economic Partnership Agreement",NA,FALSE
2024,"Brazil",1604233486,0,0,1926997230,0,0,FALSE,NA,NA,FALSE
2024,"British Indian Ocean Territory",57419,57419,57419,14683,14683,14683,FALSE,NA,NA,FALSE
2024,"Brunei",7165,0,0,870,0,0,FALSE,NA,NA,FALSE
2024,"Burkina Faso",8094748,3372,124410,1169302,829,34888,FALSE,NA,"Comprehensive",TRUE
2024,"Burundi",1052332,0,0,222583,0,0,FALSE,NA,"Comprehensive",TRUE
2024,"Cambodia",24026082,23375582,23720141,33212381,32827782,33154468,FALSE,NA,"Comprehensive",TRUE
2024,"Cameroon",19457244,16912695,19027563,37163988,36705390,36928984,TRUE,"UK-Cameroon Economic Partnership Agreement",NA,FALSE
2024,"Canada",636256606,147682223,171799512,1486654973,39112337,46621863,TRUE,"UK-Canada Trade Continuity Agreement; CPTPP",NA,FALSE
2024,"Cape Verde",125468,0,0,34298,0,0,FALSE,NA,"Enhanced",TRUE
2024,"Cayman Islands",172511,0,1937,56871,0,3000,FALSE,NA,NA,FALSE
2024,"Central African Republic",21457,0,17781,19830,0,19630,FALSE,NA,"Comprehensive",TRUE
2024,"Chad",1354142,0,0,903618,0,0,FALSE,NA,"Comprehensive",TRUE
2024,"Chile",453030688,376289830,410000243,237677475,198110962,213513568,TRUE,"UK-Chile Association Agreement; CPTPP",NA,FALSE
2024,"China",2266131096,0,0,805653909,0,0,FALSE,NA,NA,FALSE
2024,"Christmas Island",1948,0,0,302,0,0,FALSE,NA,NA,FALSE
2024,"Cocos (Keeling) Islands",63550,0,0,4444,0,0,FALSE,NA,NA,FALSE
2024,"Colombia",341342320,265336900,283122272,282796012,261875845,267208663,TRUE,"UK-Andean Countries Trade Agreement",NA,FALSE
2024,"Comoros",14734,954,14734,1225,75,1225,FALSE,NA,"Comprehensive",TRUE
2024,"Congo - Brazzaville",110691,0,0,28395,0,0,FALSE,NA,"Enhanced",TRUE
2024,"Congo - Kinshasa",234277,0,0,53100,0,0,FALSE,NA,"Comprehensive",TRUE
2024,"Costa Rica",245832002,209398745,231335983,370262359,325562621,348376193,TRUE,"UK-Central America Association Agreement",NA,FALSE
2024,"Cuba",15305373,0,0,1140816,0,0,FALSE,NA,NA,FALSE
2024,"Côte d’Ivoire",367109884,192879980,197076287,134061935,64626715,65125848,TRUE,"UK-Cote d'Ivoire Stepping Stone EPA",NA,FALSE
2024,"Djibouti",946628,70483,83983,583840,44000,50820,FALSE,NA,"Comprehensive",TRUE
2024,"Dominica",78955,48834,53378,30831,16215,17895,TRUE,"CARIFORUM-UK Economic Partnership Agreement",NA,FALSE
2024,"Dominican Republic",81805671,58289528,61736078,88895704,71258037,72238192,TRUE,"CARIFORUM-UK Economic Partnership Agreement",NA,FALSE
2024,"Ecuador",285833756,252578219,277635009,143258992,137127627,141691189,TRUE,"UK-Andean Countries Trade Agreement",NA,FALSE
2024,"Egypt",368409552,297795322,330455752,331373647,289341979,309192435,TRUE,"UK-Egypt Association Agreement",NA,FALSE
2024,"El Salvador",12435991,5123785,5141487,21021440,8206599,8210162,TRUE,"UK-Central America Association Agreement",NA,FALSE
2024,"Eritrea",39607,0,0,34819,0,0,FALSE,NA,"Comprehensive",TRUE
2024,"Eswatini",23115766,22620165,22754637,37098832,36512508,36565376,TRUE,"SACUM-UK Economic Partnership Agreement",NA,FALSE
2024,"Ethiopia",43473947,14465446,24779042,10909801,3924623,5436022,FALSE,NA,"Comprehensive",TRUE
2024,"European Union",42280534894,36626022018,37355399733,22327626321,16940920625,17156289124,TRUE,"UK-EU Trade and Cooperation Agreement",NA,FALSE
2024,"Falkland Islands",1533101,1377783,1533101,635769,606648,635769,FALSE,NA,NA,FALSE
2024,"Faroe Islands",243085784,163282561,237672366,65382361,22020337,63957283,TRUE,"UK-Faroe Islands Free Trade Agreement",NA,FALSE
2024,"Fiji",12757737,9358455,9404895,23782508,20025919,20032233,TRUE,"UK-Pacific Economic Partnership Agreement",NA,FALSE
2024,"French Polynesia",49990,0,0,770,0,0,FALSE,NA,NA,FALSE
2024,"Gabon",658894,0,0,722449,0,0,FALSE,NA,NA,FALSE
2024,"Gambia",2507155,2023620,2042031,1175179,730194,731562,FALSE,NA,"Comprehensive",TRUE
2024,"Georgia",2518121,1439465,1951097,1241420,471067,604811,TRUE,"UK-Georgia Strategic Partnership and Cooperation Agreement",NA,FALSE
2024,"Ghana",173925829,101829739,116425415,80712111,59941827,61485681,TRUE,"UK-Ghana Interim Trade Partnership Agreement",NA,FALSE
2024,"Greenland",69285300,0,0,10019148,0,0,FALSE,NA,NA,FALSE
2024,"Grenada",217784,12959,12959,22264,996,996,TRUE,"CARIFORUM-UK Economic Partnership Agreement",NA,FALSE
2024,"Guatemala",125556921,64803737,75011400,173081329,83878119,92308637,TRUE,"UK-Central America Association Agreement",NA,FALSE
2024,"Guinea",76305,0,73709,34521,0,34021,FALSE,NA,"Comprehensive",TRUE
2024,"Guyana",11367282,6948657,9622420,18736918,14653847,18394118,TRUE,"CARIFORUM-UK Economic Partnership Agreement",NA,FALSE
2024,"Haiti",223547,0,0,20330,0,0,FALSE,NA,"Comprehensive",TRUE
2024,"Honduras",129215331,91599026,93051474,58607347,38277371,39236387,TRUE,"UK-Central America Association Agreement",NA,FALSE
2024,"Hong Kong SAR China",35890239,0,0,13532483,0,0,FALSE,NA,NA,FALSE
2024,"Iceland",389885227,278532393,280485122,105086135,49597265,49844208,TRUE,"UK-Iceland-Liechtenstein-Norway FTA",NA,FALSE
2024,"India",855245802,270054752,302267782,498105517,112740742,122782325,TRUE,"UK-India Comprehensive Economic and Trade Agreement (CETA)","Standard",TRUE
2024,"Indonesia",254645196,64798735,90100911,443510379,22294535,28143538,FALSE,NA,"Standard",TRUE
2024,"Iran",16060984,0,0,7008322,0,0,FALSE,NA,NA,FALSE
2024,"Iraq",2715308,0,0,6861030,0,0,FALSE,NA,NA,FALSE
2024,"Israel",188685276,152446896,161026773,104893262,92735804,94905502,TRUE,"UK-Israel Trade and Partnership Agreement",NA,FALSE
2024,"Jamaica",53151192,19562886,38056451,20433199,11380269,15929929,TRUE,"CARIFORUM-UK Economic Partnership Agreement",NA,FALSE
2024,"Japan",97691156,50905296,65126374,20638947,14736407,18239192,TRUE,"UK-Japan Comprehensive Economic Partnership Agreement; CPTPP",NA,FALSE
2024,"Jordan",17944130,17066472,17189274,4450451,4084829,4143175,TRUE,"UK-Jordan Association Agreement",NA,FALSE
2024,"Kazakhstan",9938227,0,0,14715488,0,0,FALSE,NA,NA,FALSE
2024,"Kenya",411246151,254102071,277408479,133265847,62861907,67068239,TRUE,"UK-Kenya Economic Partnership Agreement",NA,FALSE
2024,"Kosovo",2498205,1695714,2075141,1822462,1522075,1602434,TRUE,"UK-Kosovo Partnership, Trade and Cooperation Agreement",NA,FALSE
2024,"Kuwait",1805878,0,0,2264905,0,0,FALSE,NA,NA,FALSE
2024,"Kyrgyzstan",1371166,1086804,1094832,1615772,1355407,1355996,FALSE,NA,"Enhanced",TRUE
2024,"Laos",828069,748061,749765,885481,848000,849001,FALSE,NA,"Comprehensive",TRUE
2024,"Lebanon",17024087,10363388,10970998,5762436,3906440,4120374,TRUE,"UK-Lebanon Association Agreement",NA,FALSE
2024,"Lesotho",215931,191819,191819,531750,528000,528000,TRUE,"SACUM-UK Economic Partnership Agreement","Comprehensive",TRUE
2024,"Liberia",3920662,0,0,3944829,0,0,FALSE,NA,"Comprehensive",TRUE
2024,"Libya",36730,0,0,138194,0,0,FALSE,NA,NA,FALSE
2024,"Liechtenstein",6764816,0,262122,2990257,0,185185,TRUE,"UK-Iceland-Liechtenstein-Norway FTA; UK-Switzerland-Liechtenstein Trade Agreement",NA,FALSE
2024,"Macao SAR China",261190,0,0,16973,0,0,FALSE,NA,NA,FALSE
2024,"Madagascar",11739912,5940658,7858325,2091135,543548,602892,TRUE,"ESA-UK Economic Partnership Agreement","Comprehensive",TRUE
2024,"Malawi",14835331,262279,357909,8803918,104697,120452,FALSE,NA,"Comprehensive",TRUE
2024,"Malaysia",180912800,0,0,155456999,0,0,TRUE,"CPTPP",NA,FALSE
2024,"Maldives",17002320,0,0,4015255,0,0,FALSE,NA,NA,FALSE
2024,"Mali",550794,62659,103183,393467,57200,84850,FALSE,NA,"Comprehensive",TRUE
2024,"Marshall Islands",49020,0,0,2205,0,0,FALSE,NA,NA,FALSE
2024,"Mauritania",2641155,1650806,2630693,2770965,2069834,2765147,FALSE,NA,"Comprehensive",TRUE
2024,"Mauritius",97205813,83677687,83821104,44053917,43586819,43616479,TRUE,"ESA-UK Economic Partnership Agreement",NA,FALSE
2024,"Mexico",185265803,68041505,77232856,44546344,22037824,24329587,TRUE,"UK-Mexico Trade Continuity Agreement; CPTPP",NA,FALSE
2024,"Micronesia (Federated States of)",19185,16900,19185,368,340,368,FALSE,NA,NA,FALSE
2024,"Moldova",15711861,9064279,9453113,28892455,7760698,7888540,TRUE,"UK-Moldova Strategic Partnership, Trade and Cooperation Agreement",NA,FALSE
2024,"Mongolia",80238,0,0,27817,0,0,FALSE,NA,"Enhanced",TRUE
2024,"Montenegro",531086,0,0,30804,0,0,FALSE,NA,NA,FALSE
2024,"Montserrat",39637,39637,39637,8075,8075,8075,FALSE,NA,NA,FALSE
2024,"Morocco",689585976,619291579,658801856,336296168,297005493,316814731,TRUE,"UK-Morocco Association Agreement",NA,FALSE
2024,"Mozambique",12083805,1037588,1335117,38500085,625263,780479,TRUE,"SACUM-UK Economic Partnership Agreement","Comprehensive",TRUE
2024,"Myanmar (Burma)",62515845,54727531,55754645,75001588,68124580,68990128,FALSE,NA,"Comprehensive",TRUE
2024,"Nauru",10594,0,0,827,0,0,FALSE,NA,NA,FALSE
2024,"Nepal",1339216,1175763,1176945,998334,915704,916210,FALSE,NA,"Comprehensive",TRUE
2024,"New Caledonia",83819,0,0,4498,0,0,FALSE,NA,NA,FALSE
2024,"New Zealand",636920994,345060272,395007605,188425591,109890909,117901380,TRUE,"UK-New Zealand Free Trade Agreement; CPTPP",NA,FALSE
2024,"Nicaragua",78570432,33958037,34417420,110124095,46917900,46976026,TRUE,"UK-Central America Association Agreement",NA,FALSE
2024,"Niger",365769,10643,364784,224976,8250,224864,FALSE,NA,"Comprehensive",TRUE
2024,"Nigeria",28139858,12282445,14479531,39237410,20662196,21721147,FALSE,NA,"Enhanced",TRUE
2024,"North Macedonia",11141478,9332769,9895964,3917408,3528804,3730738,TRUE,"UK-North Macedonia Partnership, Trade and Cooperation Agreement",NA,FALSE
2024,"Norway",788410832,195444281,203788292,169085590,46005886,48085428,TRUE,"UK-Iceland-Liechtenstein-Norway FTA",NA,FALSE
2024,"Oman",2577215,0,0,1790305,0,0,FALSE,NA,NA,FALSE
2024,"Pakistan",238270564,60017016,62354711,250308026,52357472,54184476,FALSE,NA,"Enhanced",TRUE
2024,"Palestine",8745885,8708162,8722445,1635158,1617505,1622088,TRUE,"UK-Palestinian Authority Political, Trade and Partnership Agreement",NA,FALSE
2024,"Panama",25315103,21934163,23097663,41139030,39417410,40903025,TRUE,"UK-Central America Association Agreement",NA,FALSE
2024,"Papua New Guinea",161399448,147308882,158717272,195518877,180696942,193224429,TRUE,"UK-Pacific Economic Partnership Agreement",NA,FALSE
2024,"Paraguay",116913316,0,0,305022631,0,0,FALSE,NA,NA,FALSE
2024,"Peru",490723555,371309179,407997625,175098923,139683966,151894803,TRUE,"UK-Andean Countries Trade Agreement; CPTPP",NA,FALSE
2024,"Philippines",115090266,89572176,95831669,64920958,53163018,56935012,FALSE,NA,"Enhanced",TRUE
2024,"Qatar",305976,0,0,15052,0,0,FALSE,NA,NA,FALSE
2024,"Russia",39832730,0,0,9630092,0,0,FALSE,NA,NA,FALSE
2024,"Rwanda",27471992,6806711,6826813,8921118,2217880,2221453,FALSE,NA,"Comprehensive",TRUE
2024,"Samoa",2792,1459,2792,790,417,790,TRUE,"UK-Pacific Economic Partnership Agreement",NA,FALSE
2024,"San Marino",353689,252465,350920,20490,18758,20244,FALSE,NA,NA,FALSE
2024,"Saudi Arabia",9915207,0,0,8406704,0,0,FALSE,NA,NA,FALSE
2024,"Senegal",42455412,38486453,41514247,34948339,32908359,34011528,FALSE,NA,"Comprehensive",TRUE
2024,"Serbia",89006382,63406615,73202509,84285918,33859462,36524972,TRUE,"UK-Serbia Partnership, Trade and Cooperation Agreement",NA,FALSE
2024,"Seychelles",52176507,51847123,52000633,10681471,10600967,10637306,TRUE,"ESA-UK Economic Partnership Agreement",NA,FALSE
2024,"Sierra Leone",1220139,529007,611567,1057418,791813,839361,FALSE,NA,"Comprehensive",TRUE
2024,"Singapore",41080709,24624703,34185393,15050146,9947827,13887798,TRUE,"UK-Singapore Free Trade Agreement; UK-Singapore Digital Economy Agreement; CPTPP",NA,FALSE
2024,"Sint Maarten",318915,0,0,73612,0,0,FALSE,NA,NA,FALSE
2024,"Solomon Islands",1762106,1738382,1740380,2084149,2081939,2082044,TRUE,"UK-Pacific Economic Partnership Agreement","Comprehensive",TRUE
2024,"Somalia",225603,32180,37426,110451,50569,65423,FALSE,NA,"Comprehensive",TRUE
2024,"South Africa",931192109,716952659,779906368,667305966,496477237,543525867,TRUE,"SACUM-UK Economic Partnership Agreement",NA,FALSE
2024,"South Korea",133065470,99104836,118993918,32032403,23892883,29501639,TRUE,"UK-South Korea Trade Agreement (updated Dec 2025)",NA,FALSE
2024,"South Sudan",17581,0,17581,560,0,560,FALSE,NA,"Comprehensive",TRUE
2024,"Sri Lanka",79042284,48495523,51198871,35967176,21504329,22758154,FALSE,NA,"Enhanced",TRUE
2024,"St. Barthélemy",840614,0,0,207736,0,0,FALSE,NA,NA,FALSE
2024,"St. Helena",193468,40500,63609,5264,1652,2582,FALSE,NA,NA,FALSE
2024,"St. Kitts & Nevis",30582,0,0,1510,0,0,TRUE,"CARIFORUM-UK Economic Partnership Agreement",NA,FALSE
2024,"St. Lucia",1312274,579840,579840,424601,295908,295908,TRUE,"CARIFORUM-UK Economic Partnership Agreement",NA,FALSE
2024,"St. Vincent & Grenadines",453487,446462,446462,248769,248339,248339,TRUE,"CARIFORUM-UK Economic Partnership Agreement",NA,FALSE
2024,"Sudan",11147642,33689,244491,5378907,26805,95487,FALSE,NA,"Comprehensive",TRUE
2024,"Suriname",1244682,1188516,1194693,1594237,1583095,1585015,TRUE,"CARIFORUM-UK Economic Partnership Agreement",NA,FALSE
2024,"Switzerland",516220886,470181767,490890225,113935944,102935032,104724193,TRUE,"UK-Switzerland Trade Agreement",NA,FALSE
2024,"Syria",2226115,1191345,1288227,780385,601936,617519,FALSE,NA,"Enhanced",TRUE
2024,"Taiwan",43975422,0,0,14686266,0,0,FALSE,NA,NA,FALSE
2024,"Tajikistan",103997,94266,103997,3721,3188,3721,FALSE,NA,"Enhanced",TRUE
2024,"Tanzania",14534939,4457288,5386611,7774603,1643578,1735109,FALSE,NA,"Comprehensive",TRUE
2024,"Thailand",1039307875,0,0,387909465,0,0,FALSE,NA,NA,FALSE
2024,"Timor-Leste",213645,0,2741,43423,0,434,FALSE,NA,"Comprehensive",TRUE
2024,"Togo",7254507,43747,76737,11044668,73104,80195,FALSE,NA,"Comprehensive",TRUE
2024,"Tonga",34454,0,0,4089,0,0,FALSE,NA,NA,FALSE
2024,"Trinidad & Tobago",3852724,557511,783865,871521,341752,366617,TRUE,"CARIFORUM-UK Economic Partnership Agreement",NA,FALSE
2024,"Tunisia",18586876,10231389,15644730,7967115,5052160,6552127,TRUE,"UK-Tunisia Association Agreement",NA,FALSE
2024,"Turkey",877426702,717398954,763128282,557832302,293274562,309013171,TRUE,"UK-Turkey Trade Agreement",NA,FALSE
2024,"Turkmenistan",10118,0,0,12520,0,0,FALSE,NA,NA,FALSE
2024,"Turks & Caicos Islands",7551,0,0,75,0,0,FALSE,NA,NA,FALSE
2024,"U.S. Virgin Islands",958239,0,0,262229,0,0,FALSE,NA,NA,FALSE
2024,"Uganda",20429750,9495913,11896135,9173338,5781917,6146166,FALSE,NA,"Comprehensive",TRUE
2024,"Ukraine",478000188,149774659,211988193,1104076855,183336892,257490709,TRUE,"UK-Ukraine Political, Free Trade and Strategic Partnership Agreement; UK-Ukraine Digital Trade Agreement",NA,FALSE
2024,"United Arab Emirates",29624831,0,0,21078211,0,0,FALSE,NA,NA,FALSE
2024,"United Kingdom",210629268,0,0,49521509,0,0,FALSE,NA,NA,FALSE
2024,"United States",1642186099,0,0,1633689650,0,0,TRUE,"UK-US Economic Prosperity Deal (partial)",NA,FALSE
2024,"Unknown",46083419,45067650,45816920,20136342,19853250,20071681,FALSE,NA,NA,FALSE
2024,"Uruguay",76260907,0,0,106210172,0,0,FALSE,NA,NA,FALSE
2024,"Uzbekistan",3683546,2068690,2522162,1601856,890066,978441,FALSE,NA,"Enhanced",TRUE
2024,"Vanuatu",61812,0,5059,15055,0,55,FALSE,NA,"Enhanced",TRUE
2024,"Venezuela",5621051,0,0,1253013,0,0,FALSE,NA,NA,FALSE
2024,"Vietnam",637295466,366860212,410674997,167348175,93371633,108511060,TRUE,"UK-Vietnam Free Trade Agreement; CPTPP",NA,FALSE
2024,"Yemen",679939,144729,486503,259945,88991,191517,FALSE,NA,"Comprehensive",TRUE
2024,"Zambia",1230699,523636,733233,361737,172502,206671,FALSE,NA,"Comprehensive",TRUE
2024,"Zimbabwe",7756976,6068080,7214002,4149422,3295837,3779773,TRUE,"ESA-UK Economic Partnership Agreement",NA,FALSE
2025,"Afghanistan",3266050,1778701,2682747,1287072,763360,1151939,FALSE,NA,"Comprehensive",TRUE
2025,"Albania",5262859,3520922,3956130,4496502,2732452,2777893,TRUE,"UK-Albania Partnership, Trade and Cooperation Agreement",NA,FALSE
2025,"Algeria",5326326,1995945,3212729,10349111,1479790,1854593,FALSE,NA,"Enhanced",TRUE
2025,"American Samoa",19129,0,0,838,0,0,FALSE,NA,NA,FALSE
2025,"Andorra",2022,0,0,941,0,0,FALSE,NA,NA,FALSE
2025,"Angola",1193385,1096764,1193385,6820863,6818000,6820863,FALSE,NA,"Comprehensive",TRUE
2025,"Antigua & Barbuda",261940,0,26803,243806,0,5458,TRUE,"CARIFORUM-UK Economic Partnership Agreement",NA,FALSE
2025,"Argentina",760295938,0,0,2304652938,0,0,FALSE,NA,NA,FALSE
2025,"Armenia",228578,0,0,20001,0,0,FALSE,NA,NA,FALSE
2025,"Australia",612300227,456170309,483091226,363262838,215322318,226671401,TRUE,"UK-Australia Free Trade Agreement; CPTPP",NA,FALSE
2025,"Azerbaijan",1489185,0,0,1746067,0,0,FALSE,NA,NA,FALSE
2025,"Bahamas",869172,711408,813882,62674,35838,38617,TRUE,"CARIFORUM-UK Economic Partnership Agreement",NA,FALSE
2025,"Bahrain",366344,0,0,266986,0,0,FALSE,NA,NA,FALSE
2025,"Bangladesh",77160118,71030787,71144872,25640422,23881981,23935974,FALSE,NA,"Comprehensive",TRUE
2025,"Barbados",9528910,251306,2338517,2206511,104272,374530,TRUE,"CARIFORUM-UK Economic Partnership Agreement",NA,FALSE
2025,"Belarus",15344,0,0,3957,0,0,FALSE,NA,NA,FALSE
2025,"Belize",83719015,83584251,83621241,122275894,122240040,122264292,TRUE,"CARIFORUM-UK Economic Partnership Agreement",NA,FALSE
2025,"Benin",5263341,3165076,3165076,1487343,1116500,1116500,FALSE,NA,"Comprehensive",TRUE
2025,"Bermuda",310577,0,1077,36558,0,0,FALSE,NA,NA,FALSE
2025,"Bhutan",1092,0,1092,2,0,2,FALSE,NA,"Comprehensive",TRUE
2025,"Bolivia",32146877,1042029,1408162,4330419,463836,571676,FALSE,NA,"Enhanced",TRUE
2025,"Bosnia & Herzegovina",1111462,0,0,446536,0,0,FALSE,NA,NA,FALSE
2025,"Botswana",363112,117778,363112,538036,170861,538036,TRUE,"SACUM-UK Economic Partnership Agreement",NA,FALSE
2025,"Brazil",1799249773,0,0,2025538332,0,0,FALSE,NA,NA,FALSE
2025,"British Indian Ocean Territory",47110,0,0,17677,0,0,FALSE,NA,NA,FALSE
2025,"British Virgin Islands",1035,0,1035,49,0,49,FALSE,NA,NA,FALSE
2025,"Brunei",12931,0,0,2990,0,0,FALSE,NA,NA,FALSE
2025,"Burkina Faso",7043926,21581,221178,1049246,11040,60697,FALSE,NA,"Comprehensive",TRUE
2025,"Burundi",1336245,0,4500,248497,0,1500,FALSE,NA,"Comprehensive",TRUE
2025,"Cambodia",28349967,26510896,27533346,43521009,42515528,43381630,FALSE,NA,"Comprehensive",TRUE
2025,"Cameroon",27440351,27183855,27197545,39736843,39563186,39569851,TRUE,"UK-Cameroon Economic Partnership Agreement",NA,FALSE
2025,"Canada",730034708,194985948,219429267,1970487770,140790442,147199552,TRUE,"UK-Canada Trade Continuity Agreement; CPTPP",NA,FALSE
2025,"Cape Verde",123065,0,0,21776,0,0,FALSE,NA,"Enhanced",TRUE
2025,"Cayman Islands",118073,49000,49000,51224,28000,28000,FALSE,NA,NA,FALSE
2025,"Central African Republic",100708,0,7166,16366,0,21,FALSE,NA,"Comprehensive",TRUE
2025,"Chad",1663469,0,0,1150500,0,0,FALSE,NA,"Comprehensive",TRUE
2025,"Chile",436488525,375832933,406800954,239569737,206417329,218192479,TRUE,"UK-Chile Association Agreement; CPTPP",NA,FALSE
2025,"China",2428829435,0,0,893821132,0,0,FALSE,NA,NA,FALSE
2025,"Colombia",480387807,356808625,368166084,433982752,405618152,410734232,TRUE,"UK-Andean Countries Trade Agreement",NA,FALSE
2025,"Comoros",34069,23857,34069,3084,2084,3084,FALSE,NA,"Comprehensive",TRUE
2025,"Congo - Kinshasa",475651,0,5649,78796,0,36,FALSE,NA,"Comprehensive",TRUE
2025,"Costa Rica",246046274,207335601,223320740,350460520,322972385,337583877,TRUE,"UK-Central America Association Agreement",NA,FALSE
2025,"Cuba",14533751,0,0,1353360,0,0,FALSE,NA,NA,FALSE
2025,"Côte d’Ivoire",509037516,217168353,217940731,129082956,66428837,66638492,TRUE,"UK-Cote d'Ivoire Stepping Stone EPA",NA,FALSE
2025,"Djibouti",204883,31025,31025,41371,22000,22000,FALSE,NA,"Comprehensive",TRUE
2025,"Dominica",280034,254475,254475,43429,23848,23848,TRUE,"CARIFORUM-UK Economic Partnership Agreement",NA,FALSE
2025,"Dominican Republic",82491507,61217216,62648356,88675451,76783519,77252606,TRUE,"CARIFORUM-UK Economic Partnership Agreement",NA,FALSE
2025,"Ecuador",303709602,276077974,291805733,131095202,126009157,128938706,TRUE,"UK-Andean Countries Trade Agreement",NA,FALSE
2025,"Egypt",445159664,350222695,385110787,420318223,302861390,321856623,TRUE,"UK-Egypt Association Agreement",NA,FALSE
2025,"El Salvador",13392122,439055,552767,34593321,644074,666473,TRUE,"UK-Central America Association Agreement",NA,FALSE
2025,"Eritrea",37000,0,974,42904,0,23,FALSE,NA,"Comprehensive",TRUE
2025,"Eswatini",41178465,40595204,40786776,82839389,82513231,82558240,TRUE,"SACUM-UK Economic Partnership Agreement",NA,FALSE
2025,"Ethiopia",59416038,12346187,18087843,13687170,3881776,4701381,FALSE,NA,"Comprehensive",TRUE
2025,"European Union",43792219732,37954489435,38673714884,21370459066,15996339819,16164842921,TRUE,"UK-EU Trade and Cooperation Agreement",NA,FALSE
2025,"Falkland Islands",2735834,2479720,2703279,710275,645691,696417,FALSE,NA,NA,FALSE
2025,"Faroe Islands",199239685,151330245,165949899,54594509,24601808,33978416,TRUE,"UK-Faroe Islands Free Trade Agreement",NA,FALSE
2025,"Fiji",8545891,135040,175884,30566282,40883,45031,TRUE,"UK-Pacific Economic Partnership Agreement",NA,FALSE
2025,"French Polynesia",41042,0,0,922,0,0,FALSE,NA,NA,FALSE
2025,"Gabon",7404,0,0,2000,0,0,FALSE,NA,NA,FALSE
2025,"Gambia",2609417,1940460,1941869,2677076,740704,740829,FALSE,NA,"Comprehensive",TRUE
2025,"Georgia",2182003,1251450,1481633,1306158,474022,591691,TRUE,"UK-Georgia Strategic Partnership and Cooperation Agreement",NA,FALSE
2025,"Ghana",257530946,162991455,166162474,91334985,67774586,68323921,TRUE,"UK-Ghana Interim Trade Partnership Agreement",NA,FALSE
2025,"Gibraltar",17349,0,0,500,0,0,FALSE,NA,NA,FALSE
2025,"Greenland",59390303,0,0,8192671,0,0,FALSE,NA,NA,FALSE
2025,"Grenada",341545,6753,27652,25278,1933,2583,TRUE,"CARIFORUM-UK Economic Partnership Agreement",NA,FALSE
2025,"Guatemala",97168687,48357747,56328121,114002382,58019897,58879620,TRUE,"UK-Central America Association Agreement",NA,FALSE
2025,"Guinea",5408,0,0,871,0,0,FALSE,NA,"Comprehensive",TRUE
2025,"Guinea-Bissau",3425,0,0,408,0,0,FALSE,NA,"Comprehensive",TRUE
2025,"Guyana",10773126,9176896,9728906,28362887,27358854,28105674,TRUE,"CARIFORUM-UK Economic Partnership Agreement",NA,FALSE
2025,"Haiti",122341,0,2324,11519,0,7,FALSE,NA,"Comprehensive",TRUE
2025,"Honduras",157599290,95581732,96791633,90535513,39106677,39888455,TRUE,"UK-Central America Association Agreement",NA,FALSE
2025,"Hong Kong SAR China",26893007,0,0,10982146,0,0,FALSE,NA,NA,FALSE
2025,"Iceland",444422527,358165857,360712520,93511638,49848239,50247280,TRUE,"UK-Iceland-Liechtenstein-Norway FTA",NA,FALSE
2025,"India",910605745,294119980,331242730,607645914,132033017,139412818,TRUE,"UK-India Comprehensive Economic and Trade Agreement (CETA)","Standard",TRUE
2025,"Indonesia",254556128,60448825,74854843,409554420,20883099,23700355,FALSE,NA,"Standard",TRUE
2025,"Iran",15977029,0,0,7109421,0,0,FALSE,NA,NA,FALSE
2025,"Iraq",1662455,0,0,2334405,0,0,FALSE,NA,NA,FALSE
2025,"Israel",165165324,133752976,141883400,70622792,61271203,63288851,TRUE,"UK-Israel Trade and Partnership Agreement",NA,FALSE
2025,"Jamaica",48639144,21895714,39159446,21301250,13602593,17747146,TRUE,"CARIFORUM-UK Economic Partnership Agreement",NA,FALSE
2025,"Japan",118140396,72322202,88204186,21798758,16684775,19678026,TRUE,"UK-Japan Comprehensive Economic Partnership Agreement; CPTPP",NA,FALSE
2025,"Jordan",17241984,16397618,16642056,5163375,4690664,4751155,TRUE,"UK-Jordan Association Agreement",NA,FALSE
2025,"Kazakhstan",12873308,0,0,20660220,0,0,FALSE,NA,NA,FALSE
2025,"Kenya",425340582,267014301,282760128,126677505,59968574,62877170,TRUE,"UK-Kenya Economic Partnership Agreement",NA,FALSE
2025,"Kosovo",3303399,2452244,2938641,2326971,2005465,2157983,TRUE,"UK-Kosovo Partnership, Trade and Cooperation Agreement",NA,FALSE
2025,"Kuwait",515353,0,0,573620,0,0,FALSE,NA,NA,FALSE
2025,"Kyrgyzstan",120641,49291,50177,255805,136235,136335,FALSE,NA,"Enhanced",TRUE
2025,"Laos",576357,252329,301573,450208,278688,322623,FALSE,NA,"Comprehensive",TRUE
2025,"Lebanon",15414958,9214238,9382104,5176497,3513257,3587816,TRUE,"UK-Lebanon Association Agreement",NA,FALSE
2025,"Lesotho",84210,9624,19696,32801,22100,23700,TRUE,"SACUM-UK Economic Partnership Agreement","Comprehensive",TRUE
2025,"Liberia",4691,0,0,475,0,0,FALSE,NA,"Comprehensive",TRUE
2025,"Libya",41146,0,0,154246,0,0,FALSE,NA,NA,FALSE
2025,"Liechtenstein",6520948,0,97271,2236672,0,35670,TRUE,"UK-Iceland-Liechtenstein-Norway FTA; UK-Switzerland-Liechtenstein Trade Agreement",NA,FALSE
2025,"Macao SAR China",52136,0,0,6395,0,0,FALSE,NA,NA,FALSE
2025,"Madagascar",12547843,5868792,8226911,2109581,736768,828889,TRUE,"ESA-UK Economic Partnership Agreement","Comprehensive",TRUE
2025,"Malawi",17895876,218417,225308,11691029,55738,56126,FALSE,NA,"Comprehensive",TRUE
2025,"Malaysia",212988449,133218734,177782274,158401103,113080293,136849223,TRUE,"CPTPP",NA,FALSE
2025,"Maldives",22616919,0,0,4957972,0,0,FALSE,NA,NA,FALSE
2025,"Mali",1755042,131381,261624,2894612,113840,182479,FALSE,NA,"Comprehensive",TRUE
2025,"Marshall Islands",51304,0,0,2271,0,0,FALSE,NA,NA,FALSE
2025,"Mauritania",2735690,1250286,2654104,3743284,2022251,3720150,FALSE,NA,"Comprehensive",TRUE
2025,"Mauritius",86642713,76762788,76842820,37198925,37025094,37085078,TRUE,"ESA-UK Economic Partnership Agreement",NA,FALSE
2025,"Mexico",243029912,72169524,81923663,119540074,21630577,23691194,TRUE,"UK-Mexico Trade Continuity Agreement; CPTPP",NA,FALSE
2025,"Micronesia (Federated States of)",33925,26362,26362,23039,575,575,FALSE,NA,NA,FALSE
2025,"Moldova",19799866,11059498,11637435,31242760,12160925,12335879,TRUE,"UK-Moldova Strategic Partnership, Trade and Cooperation Agreement",NA,FALSE
2025,"Monaco",24922,0,0,2056,0,0,FALSE,NA,NA,FALSE
2025,"Mongolia",230912,2033,209561,11297,30,7643,FALSE,NA,"Enhanced",TRUE
2025,"Montenegro",1263146,0,0,81251,0,0,FALSE,NA,NA,FALSE
2025,"Montserrat",7660,7660,7660,1202,1202,1202,FALSE,NA,NA,FALSE
2025,"Morocco",711664084,650131533,689935578,351486371,320936706,340541160,TRUE,"UK-Morocco Association Agreement",NA,FALSE
2025,"Mozambique",6092021,1468114,2381856,11629935,623694,1205258,TRUE,"SACUM-UK Economic Partnership Agreement","Comprehensive",TRUE
2025,"Myanmar (Burma)",49610687,41399397,42531490,59677991,51389807,52196650,FALSE,NA,"Comprehensive",TRUE
2025,"Nauru",5283,0,0,1315,0,0,FALSE,NA,NA,FALSE
2025,"Nepal",1902769,1576271,1614332,1354246,1180540,1208024,FALSE,NA,"Comprehensive",TRUE
2025,"New Caledonia",136958,0,0,8155,0,0,FALSE,NA,NA,FALSE
2025,"New Zealand",785861865,473928501,503891185,208338150,141975905,147801481,TRUE,"UK-New Zealand Free Trade Agreement; CPTPP",NA,FALSE
2025,"Nicaragua",88874917,46666269,47143229,104877027,71659990,71716746,TRUE,"UK-Central America Association Agreement",NA,FALSE
2025,"Niger",412115,28421,381978,214759,16700,200579,FALSE,NA,"Comprehensive",TRUE
2025,"Nigeria",51690311,13138831,13652111,39574885,19049714,19691522,FALSE,NA,"Enhanced",TRUE
2025,"Niue",2904,0,0,196,0,0,FALSE,NA,"Enhanced",TRUE
2025,"Norfolk Island",11276,0,0,19958,0,0,FALSE,NA,NA,FALSE
2025,"North Macedonia",10538709,8274117,8944332,3690507,3280667,3440724,TRUE,"UK-North Macedonia Partnership, Trade and Cooperation Agreement",NA,FALSE
2025,"Norway",824466073,217070485,224472065,171168559,37259626,39521920,TRUE,"UK-Iceland-Liechtenstein-Norway FTA",NA,FALSE
2025,"Oman",2406378,0,0,1847274,0,0,FALSE,NA,NA,FALSE
2025,"Pakistan",147423598,55359854,58087748,126976692,49061615,50538032,FALSE,NA,"Enhanced",TRUE
2025,"Palestine",16452297,16205623,16270726,2921205,2877782,2902431,TRUE,"UK-Palestinian Authority Political, Trade and Partnership Agreement",NA,FALSE
2025,"Panama",24575004,20995704,22524414,37410024,35748977,37171906,TRUE,"UK-Central America Association Agreement",NA,FALSE
2025,"Papua New Guinea",166149432,153158582,163001712,174515208,162708461,173106525,TRUE,"UK-Pacific Economic Partnership Agreement",NA,FALSE
2025,"Paraguay",91032293,0,0,238122747,0,0,FALSE,NA,NA,FALSE
2025,"Peru",562809837,440928711,475713600,211182508,166234759,177863750,TRUE,"UK-Andean Countries Trade Agreement; CPTPP",NA,FALSE
2025,"Philippines",115373968,87309554,91401237,69846842,59658969,61853044,FALSE,NA,"Enhanced",TRUE
2025,"Qatar",2330347,0,0,715363,0,0,FALSE,NA,NA,FALSE
2025,"Russia",29066412,0,0,4350856,0,0,FALSE,NA,NA,FALSE
2025,"Rwanda",34090772,9920852,10093970,10437780,3246764,3274003,FALSE,NA,"Comprehensive",TRUE
2025,"Samoa",1569,0,0,168,0,0,TRUE,"UK-Pacific Economic Partnership Agreement",NA,FALSE
2025,"San Marino",624630,484957,589730,26804,16851,24087,FALSE,NA,NA,FALSE
2025,"Saudi Arabia",16809199,0,0,13676017,0,0,FALSE,NA,NA,FALSE
2025,"Senegal",45139941,39794688,43054643,39927568,36702763,37922677,FALSE,NA,"Comprehensive",TRUE
2025,"Serbia",94153009,78233772,86808439,39094732,33243145,35254460,TRUE,"UK-Serbia Partnership, Trade and Cooperation Agreement",NA,FALSE
2025,"Seychelles",46194253,45710588,46080417,9087770,8945684,9027107,TRUE,"ESA-UK Economic Partnership Agreement",NA,FALSE
2025,"Sierra Leone",686391,98774,142502,411865,201298,217522,FALSE,NA,"Comprehensive",TRUE
2025,"Singapore",38978630,31591034,33873136,14737174,13430848,13983339,TRUE,"UK-Singapore Free Trade Agreement; UK-Singapore Digital Economy Agreement; CPTPP",NA,FALSE
2025,"Sint Maarten",141414,0,0,34308,0,0,FALSE,NA,NA,FALSE
2025,"Solomon Islands",2977604,2869819,2894204,3249136,3227959,3229142,TRUE,"UK-Pacific Economic Partnership Agreement","Comprehensive",TRUE
2025,"Somalia",590318,11949,28987,253876,15444,32079,FALSE,NA,"Comprehensive",TRUE
2025,"South Africa",973059064,774994594,819246967,692039462,534255920,558525809,TRUE,"SACUM-UK Economic Partnership Agreement",NA,FALSE
2025,"South Korea",131263212,102310469,120276411,32264150,23608422,30173262,TRUE,"UK-South Korea Trade Agreement (updated Dec 2025)",NA,FALSE
2025,"South Sudan",27449,0,0,8100,0,0,FALSE,NA,"Comprehensive",TRUE
2025,"Sri Lanka",99506800,66078263,68650952,42747152,29162585,29977528,FALSE,NA,"Enhanced",TRUE
2025,"St. Barthélemy",400700,0,0,59458,0,0,FALSE,NA,NA,FALSE
2025,"St. Helena",38497,38497,38497,1255,1255,1255,FALSE,NA,NA,FALSE
2025,"St. Kitts & Nevis",13659,0,11419,965,0,755,TRUE,"CARIFORUM-UK Economic Partnership Agreement",NA,FALSE
2025,"St. Lucia",1446555,484060,488702,397553,277628,278132,TRUE,"CARIFORUM-UK Economic Partnership Agreement",NA,FALSE
2025,"St. Vincent & Grenadines",232694,227047,227984,164688,164022,164089,TRUE,"CARIFORUM-UK Economic Partnership Agreement",NA,FALSE
2025,"Sudan",7125632,26146,128654,2737761,3325,23644,FALSE,NA,"Comprehensive",TRUE
2025,"Suriname",1353872,1273932,1319897,3384404,3376617,3384210,TRUE,"CARIFORUM-UK Economic Partnership Agreement",NA,FALSE
2025,"Switzerland",607025088,562138317,583579466,122926352,114075784,115971131,TRUE,"UK-Switzerland Trade Agreement",NA,FALSE
2025,"Syria",2752366,2076219,2105238,978139,850477,855588,FALSE,NA,"Enhanced",TRUE
2025,"São Tomé & Príncipe",26315,0,0,3176,0,0,FALSE,NA,NA,FALSE
2025,"Taiwan",37285628,0,0,13100106,0,0,FALSE,NA,NA,FALSE
2025,"Tajikistan",1312216,393310,1312216,299004,88416,299004,FALSE,NA,"Enhanced",TRUE
2025,"Tanzania",14232834,4697822,5107911,6105866,1680699,1690202,FALSE,NA,"Comprehensive",TRUE
2025,"Thailand",1096307418,0,0,394074430,0,0,FALSE,NA,NA,FALSE
2025,"Timor-Leste",265845,0,0,52107,0,0,FALSE,NA,"Comprehensive",TRUE
2025,"Togo",1343685,122319,176702,575895,111226,124504,FALSE,NA,"Comprehensive",TRUE
2025,"Tonga",21278,0,0,1371,0,0,FALSE,NA,NA,FALSE
2025,"Trinidad & Tobago",4259241,1020024,1167485,1341770,364446,443354,TRUE,"CARIFORUM-UK Economic Partnership Agreement",NA,FALSE
2025,"Tunisia",26705831,17211389,22336887,14507804,7517461,8916130,TRUE,"UK-Tunisia Association Agreement",NA,FALSE
2025,"Turkey",942968568,777601808,820286569,581786545,279494758,291968036,TRUE,"UK-Turkey Trade Agreement",NA,FALSE
2025,"Turkmenistan",47169,0,0,3583,0,0,FALSE,NA,NA,FALSE
2025,"U.S. Virgin Islands",50805,0,0,69268,0,0,FALSE,NA,NA,FALSE
2025,"Uganda",29322362,8276947,9915907,11606313,6192681,6419956,FALSE,NA,"Comprehensive",TRUE
2025,"Ukraine",478561278,249548492,281220020,712755011,132891607,162991616,TRUE,"UK-Ukraine Political, Free Trade and Strategic Partnership Agreement; UK-Ukraine Digital Trade Agreement",NA,FALSE
2025,"United Arab Emirates",39046236,0,0,19609502,0,0,FALSE,NA,NA,FALSE
2025,"United Kingdom",205199095,0,0,41698946,0,0,FALSE,NA,NA,FALSE
2025,"United States",2200127098,328966235,375169535,2889649371,514968184,577863875,TRUE,"UK-US Economic Prosperity Deal (partial)",NA,FALSE
2025,"Unknown",30751746,29921105,30303004,12488133,12257314,12403539,FALSE,NA,NA,FALSE
2025,"Uruguay",114730620,0,0,180806578,0,0,FALSE,NA,NA,FALSE
2025,"Uzbekistan",3854458,1885999,2841149,1371956,631678,898841,FALSE,NA,"Enhanced",TRUE
2025,"Vanuatu",4161,0,0,5,0,0,FALSE,NA,"Enhanced",TRUE
2025,"Vatican City",12538,0,0,1875,0,0,FALSE,NA,NA,FALSE
2025,"Venezuela",3654542,0,0,830370,0,0,FALSE,NA,NA,FALSE
2025,"Vietnam",788473723,435212236,472050874,198233834,110874586,122982478,TRUE,"UK-Vietnam Free Trade Agreement; CPTPP",NA,FALSE
2025,"Yemen",773886,182682,288057,263227,136299,181198,FALSE,NA,"Comprehensive",TRUE
2025,"Zambia",2682656,884438,1548060,672564,281514,389308,FALSE,NA,"Comprehensive",TRUE
2025,"Zimbabwe",6988022,6042496,6421345,4378125,3736035,4082802,TRUE,"ESA-UK Economic Partnership Agreement",NA,FALSE
2026,"Afghanistan",2251235,1474397,1669857,806775,586871,617522,FALSE,NA,"Comprehensive",TRUE
2026,"Albania",3266793,2481279,2707125,2440008,1659212,1666289,TRUE,"UK-Albania Partnership, Trade and Cooperation Agreement",NA,FALSE
2026,"Algeria",2520030,1121583,1715071,4060992,900049,1033408,FALSE,NA,"Enhanced",TRUE
2026,"American Samoa",7818,0,0,2660,0,0,FALSE,NA,NA,FALSE
2026,"Angola",24371,0,20971,1463,0,813,FALSE,NA,"Comprehensive",TRUE
2026,"Anguilla",1139,0,1139,350,0,350,FALSE,NA,NA,FALSE
2026,"Antigua & Barbuda",91436,0,6807,108030,0,1650,TRUE,"CARIFORUM-UK Economic Partnership Agreement",NA,FALSE
2026,"Argentina",355250243,0,0,1093546255,0,0,FALSE,NA,NA,FALSE
2026,"Armenia",265866,0,0,102771,0,0,FALSE,NA,NA,FALSE
2026,"Aruba",38929,0,0,15398,0,0,FALSE,NA,NA,FALSE
2026,"Australia",309263370,236168634,246794555,136889712,118510913,122935341,TRUE,"UK-Australia Free Trade Agreement; CPTPP",NA,FALSE
2026,"Azerbaijan",287105,0,0,72732,0,0,FALSE,NA,NA,FALSE
2026,"Bahamas",286653,285534,285534,13864,13857,13857,TRUE,"CARIFORUM-UK Economic Partnership Agreement",NA,FALSE
2026,"Bahrain",124161,0,0,200316,0,0,FALSE,NA,NA,FALSE
2026,"Bangladesh",41665949,38588360,38681446,14221892,13333927,13373202,FALSE,NA,"Comprehensive",TRUE
2026,"Barbados",3247213,136656,984338,583101,48163,167424,TRUE,"CARIFORUM-UK Economic Partnership Agreement",NA,FALSE
2026,"Belarus",881,0,0,11,0,0,FALSE,NA,NA,FALSE
2026,"Belize",14555651,14479804,14504168,23526416,23524385,23525018,TRUE,"CARIFORUM-UK Economic Partnership Agreement",NA,FALSE
2026,"Benin",5319291,2895243,2901782,1567096,696549,700473,FALSE,NA,"Comprehensive",TRUE
2026,"Bermuda",89156,0,63128,17291,0,7361,FALSE,NA,NA,FALSE
2026,"Bhutan",1333,0,0,45,0,0,FALSE,NA,"Comprehensive",TRUE
2026,"Bolivia",11139615,7044,320663,1421318,1500,91460,FALSE,NA,"Enhanced",TRUE
2026,"Bosnia & Herzegovina",466419,0,0,175449,0,0,FALSE,NA,NA,FALSE
2026,"Botswana",8736,8736,8736,26555,26555,26555,TRUE,"SACUM-UK Economic Partnership Agreement",NA,FALSE
2026,"Brazil",865408882,0,0,968199189,0,0,FALSE,NA,NA,FALSE
2026,"Burkina Faso",3799692,0,158168,487173,0,25227,FALSE,NA,"Comprehensive",TRUE
2026,"Burundi",985253,0,2215,132264,0,358,FALSE,NA,"Comprehensive",TRUE
2026,"Cambodia",12376741,10558875,11039559,21628807,21108171,21359369,FALSE,NA,"Comprehensive",TRUE
2026,"Cameroon",10597526,10121083,10435579,18674799,18615409,18646701,TRUE,"UK-Cameroon Economic Partnership Agreement",NA,FALSE
2026,"Canada",261964673,80416248,88952099,564277216,51439805,52692147,TRUE,"UK-Canada Trade Continuity Agreement; CPTPP",NA,FALSE
2026,"Cayman Islands",46545,0,0,14102,0,0,FALSE,NA,NA,FALSE
2026,"Chad",614339,0,0,471800,0,0,FALSE,NA,"Comprehensive",TRUE
2026,"Chile",263778625,225729033,247182296,134568859,117766831,124452928,TRUE,"UK-Chile Association Agreement; CPTPP",NA,FALSE
2026,"China",1286323084,0,0,470963501,0,0,FALSE,NA,NA,FALSE
2026,"Christmas Island",1728,0,0,2534,0,0,FALSE,NA,NA,FALSE
2026,"Colombia",197510730,134901865,138630126,129515972,117517587,119081911,TRUE,"UK-Andean Countries Trade Agreement",NA,FALSE
2026,"Comoros",57723,29475,57723,6825,3825,6825,FALSE,NA,"Comprehensive",TRUE
2026,"Congo - Brazzaville",324251,0,218,49698,0,1498,FALSE,NA,"Enhanced",TRUE
2026,"Congo - Kinshasa",126223,0,0,23029,0,0,FALSE,NA,"Comprehensive",TRUE
2026,"Costa Rica",131811152,108710257,112690758,176099662,162648148,166978112,TRUE,"UK-Central America Association Agreement",NA,FALSE
2026,"Cuba",5425596,0,0,537485,0,0,FALSE,NA,NA,FALSE
2026,"Côte d’Ivoire",391365023,181422197,181476156,83499387,35325080,35346605,TRUE,"UK-Cote d'Ivoire Stepping Stone EPA",NA,FALSE
2026,"Djibouti",18326,8103,8103,27579,27000,27000,FALSE,NA,"Comprehensive",TRUE
2026,"Dominica",116805,105492,106848,10538,1946,1986,TRUE,"CARIFORUM-UK Economic Partnership Agreement",NA,FALSE
2026,"Dominican Republic",38706903,29361402,29920112,43268984,38434870,38515249,TRUE,"CARIFORUM-UK Economic Partnership Agreement",NA,FALSE
2026,"Ecuador",139442385,116208581,125286607,65042643,59982804,61783623,TRUE,"UK-Andean Countries Trade Agreement",NA,FALSE
2026,"Egypt",280827839,205585772,229177825,283734078,199771224,207622061,TRUE,"UK-Egypt Association Agreement",NA,FALSE
2026,"El Salvador",5256953,379304,525252,4685495,458335,485589,TRUE,"UK-Central America Association Agreement",NA,FALSE
2026,"Eritrea",31986,0,0,45732,0,0,FALSE,NA,"Comprehensive",TRUE
2026,"Eswatini",11800089,11393735,11491367,37433603,37209109,37236567,TRUE,"SACUM-UK Economic Partnership Agreement",NA,FALSE
2026,"Ethiopia",28345217,4634685,4930433,7916395,1684522,1755597,FALSE,NA,"Comprehensive",TRUE
2026,"European Union",21651785813,18565678414,18928499774,10585257158,7907828164,8007496584,TRUE,"UK-EU Trade and Cooperation Agreement",NA,FALSE
2026,"Falkland Islands",2382712,2341615,2371853,670300,651531,657162,FALSE,NA,NA,FALSE
2026,"Faroe Islands",129130000,129087025,129126964,27719106,27712327,27718433,TRUE,"UK-Faroe Islands Free Trade Agreement",NA,FALSE
2026,"Fiji",17102622,15006884,15006884,51896383,49418175,49418175,TRUE,"UK-Pacific Economic Partnership Agreement",NA,FALSE
2026,"French Polynesia",65010,0,0,17538,0,0,FALSE,NA,NA,FALSE
2026,"Gambia",1745166,1446966,1446966,1346275,527119,527119,FALSE,NA,"Comprehensive",TRUE
2026,"Georgia",1501350,956733,987883,981274,347832,361749,TRUE,"UK-Georgia Strategic Partnership and Cooperation Agreement",NA,FALSE
2026,"Ghana",82876627,57816207,58833391,40478012,32852620,33040172,TRUE,"UK-Ghana Interim Trade Partnership Agreement",NA,FALSE
2026,"Greenland",37701467,0,0,4397584,0,0,FALSE,NA,NA,FALSE
2026,"Grenada",86518,7502,7502,9458,1640,1640,TRUE,"CARIFORUM-UK Economic Partnership Agreement",NA,FALSE
2026,"Guatemala",56907823,25957144,33330488,69749775,33247771,34978146,TRUE,"UK-Central America Association Agreement",NA,FALSE
2026,"Guinea",49086,0,27066,39015,0,27802,FALSE,NA,"Comprehensive",TRUE
2026,"Guyana",7221813,6513256,6673611,22901545,22704463,22827313,TRUE,"CARIFORUM-UK Economic Partnership Agreement",NA,FALSE
2026,"Honduras",72367024,38747595,39432685,19675996,13631676,14053066,TRUE,"UK-Central America Association Agreement",NA,FALSE
2026,"Hong Kong SAR China",11547862,0,0,4925676,0,0,FALSE,NA,NA,FALSE
2026,"Iceland",249178948,209948839,216651479,41666570,24149922,25271605,TRUE,"UK-Iceland-Liechtenstein-Norway FTA",NA,FALSE
2026,"India",436835821,147618773,167389187,302593281,66334745,69655778,TRUE,"UK-India Comprehensive Economic and Trade Agreement (CETA)","Standard",TRUE
2026,"Indonesia",113076805,22999184,28924268,245918062,8513338,9413836,FALSE,NA,"Standard",TRUE
2026,"Iran",8177699,0,0,3245964,0,0,FALSE,NA,NA,FALSE
2026,"Iraq",1004986,0,0,1461631,0,0,FALSE,NA,NA,FALSE
2026,"Israel",93275531,76049470,79941064,40269589,35399322,36633776,TRUE,"UK-Israel Trade and Partnership Agreement",NA,FALSE
2026,"Jamaica",23283449,11183628,19502282,9385517,5847825,7803328,TRUE,"CARIFORUM-UK Economic Partnership Agreement",NA,FALSE
2026,"Japan",66083445,33212199,41446211,13256729,9426946,10770673,TRUE,"UK-Japan Comprehensive Economic Partnership Agreement; CPTPP",NA,FALSE
2026,"Jordan",9712270,9243514,9387505,2677254,2449244,2480243,TRUE,"UK-Jordan Association Agreement",NA,FALSE
2026,"Kazakhstan",8703200,0,0,16340460,0,0,FALSE,NA,NA,FALSE
2026,"Kenya",239589883,144044094,145048162,65458190,29600192,29805509,TRUE,"UK-Kenya Economic Partnership Agreement",NA,FALSE
2026,"Kosovo",1715915,1494703,1574364,1744685,1692387,1708740,TRUE,"UK-Kosovo Partnership, Trade and Cooperation Agreement",NA,FALSE
2026,"Kuwait",150041,0,0,169471,0,0,FALSE,NA,NA,FALSE
2026,"Kyrgyzstan",27305,9723,12359,35390,20720,21020,FALSE,NA,"Enhanced",TRUE
2026,"Laos",289644,88125,89473,394696,123000,123018,FALSE,NA,"Comprehensive",TRUE
2026,"Lebanon",8875589,4785095,5022560,2620348,1709451,1784215,TRUE,"UK-Lebanon Association Agreement",NA,FALSE
2026,"Lesotho",57844,7885,9215,29288,22000,22050,TRUE,"SACUM-UK Economic Partnership Agreement","Comprehensive",TRUE
2026,"Liberia",2978,0,0,300,0,0,FALSE,NA,"Comprehensive",TRUE
2026,"Libya",76197,0,0,134387,0,0,FALSE,NA,NA,FALSE
2026,"Liechtenstein",3236190,0,0,1059576,0,0,TRUE,"UK-Iceland-Liechtenstein-Norway FTA; UK-Switzerland-Liechtenstein Trade Agreement",NA,FALSE
2026,"Macao SAR China",331928,0,0,18162,0,0,FALSE,NA,NA,FALSE
2026,"Madagascar",6087443,3922684,4556484,701715,338818,369218,TRUE,"ESA-UK Economic Partnership Agreement","Comprehensive",TRUE
2026,"Malawi",6629359,93531,93531,3980250,23840,23840,FALSE,NA,"Comprehensive",TRUE
2026,"Malaysia",121071514,92693731,106439551,97555204,74537284,79829835,TRUE,"CPTPP",NA,FALSE
2026,"Maldives",8235219,0,0,1913002,0,0,FALSE,NA,NA,FALSE
2026,"Mali",299710,45756,79817,375634,38640,52164,FALSE,NA,"Comprehensive",TRUE
2026,"Marshall Islands",30214,0,0,1103,0,0,FALSE,NA,NA,FALSE
2026,"Mauritania",2827425,1862141,2771272,4282908,2642576,4254904,FALSE,NA,"Comprehensive",TRUE
2026,"Mauritius",47621689,40310892,40401004,18760097,18667410,18706000,TRUE,"ESA-UK Economic Partnership Agreement",NA,FALSE
2026,"Mexico",122310151,46683402,52526754,29851073,11898041,12887832,TRUE,"UK-Mexico Trade Continuity Agreement; CPTPP",NA,FALSE
2026,"Micronesia (Federated States of)",16017,16017,16017,331,331,331,FALSE,NA,NA,FALSE
2026,"Moldova",15597834,9734395,9912442,40525088,21806640,21861396,TRUE,"UK-Moldova Strategic Partnership, Trade and Cooperation Agreement",NA,FALSE
2026,"Monaco",2650,0,0,90,0,0,FALSE,NA,NA,FALSE
2026,"Mongolia",4673,0,1034,1165,0,30,FALSE,NA,"Enhanced",TRUE
2026,"Montenegro",170375,0,0,7847,0,0,FALSE,NA,NA,FALSE
2026,"Montserrat",18296,18296,18296,2016,2016,2016,FALSE,NA,NA,FALSE
2026,"Morocco",514848781,470159626,498989705,235484865,214679995,228884240,TRUE,"UK-Morocco Association Agreement",NA,FALSE
2026,"Mozambique",4802071,1105355,1141097,15896245,430805,453326,TRUE,"SACUM-UK Economic Partnership Agreement","Comprehensive",TRUE
2026,"Myanmar (Burma)",21944129,19018947,19302217,20284408,16822890,17308495,FALSE,NA,"Comprehensive",TRUE
2026,"Nepal",807057,634456,634456,495335,419578,419578,FALSE,NA,"Comprehensive",TRUE
2026,"New Caledonia",12959,0,0,456,0,0,FALSE,NA,NA,FALSE
2026,"New Zealand",452683542,273130200,285560438,115369560,81907108,84501025,TRUE,"UK-New Zealand Free Trade Agreement; CPTPP",NA,FALSE
2026,"Nicaragua",32852015,9260203,9516652,55084467,13302574,13330703,TRUE,"UK-Central America Association Agreement",NA,FALSE
2026,"Niger",155648,30815,155648,81046,23560,81046,FALSE,NA,"Comprehensive",TRUE
2026,"Nigeria",36394084,6552169,6712108,25763003,8257638,8558622,FALSE,NA,"Enhanced",TRUE
2026,"North Macedonia",6371002,4904786,5264783,1895166,1608553,1723578,TRUE,"UK-North Macedonia Partnership, Trade and Cooperation Agreement",NA,FALSE
2026,"Norway",383655244,95738585,97676583,72037713,13931617,14273374,TRUE,"UK-Iceland-Liechtenstein-Norway FTA",NA,FALSE
2026,"Oman",779390,0,0,461005,0,0,FALSE,NA,NA,FALSE
2026,"Pakistan",79538037,33054465,34732178,70858448,32578313,33161866,FALSE,NA,"Enhanced",TRUE
2026,"Palestine",6872165,6759648,6792200,1121273,1099444,1117355,TRUE,"UK-Palestinian Authority Political, Trade and Partnership Agreement",NA,FALSE
2026,"Panama",12778448,6975210,7332859,14073236,11376918,11883242,TRUE,"UK-Central America Association Agreement",NA,FALSE
2026,"Papua New Guinea",75877988,70657945,74331927,78310724,74833294,77617773,TRUE,"UK-Pacific Economic Partnership Agreement",NA,FALSE
2026,"Paraguay",33148324,0,0,80702923,0,0,FALSE,NA,NA,FALSE
2026,"Peru",244405795,169606124,184654897,100425589,66916170,72368776,TRUE,"UK-Andean Countries Trade Agreement; CPTPP",NA,FALSE
2026,"Philippines",52946330,40482763,42053268,34340021,29990359,30536714,FALSE,NA,"Enhanced",TRUE
2026,"Qatar",907904,0,0,727223,0,0,FALSE,NA,NA,FALSE
2026,"Russia",16298555,0,0,1948758,0,0,FALSE,NA,NA,FALSE
2026,"Rwanda",17042382,4858560,4861441,4937704,1487662,1488103,FALSE,NA,"Comprehensive",TRUE
2026,"San Marino",180995,152005,180995,9353,5637,9353,FALSE,NA,NA,FALSE
2026,"Saudi Arabia",9417220,0,0,7221347,0,0,FALSE,NA,NA,FALSE
2026,"Senegal",43234727,41351931,42326058,38254706,36967925,37486349,FALSE,NA,"Comprehensive",TRUE
2026,"Serbia",51234105,42636747,47090686,19087403,15878154,16788235,TRUE,"UK-Serbia Partnership, Trade and Cooperation Agreement",NA,FALSE
2026,"Seychelles",23990376,20667405,23983373,4988539,4248615,4985659,TRUE,"ESA-UK Economic Partnership Agreement",NA,FALSE
2026,"Sierra Leone",224629,41412,53725,197248,115314,115926,FALSE,NA,"Comprehensive",TRUE
2026,"Singapore",17472580,13893097,14373252,7145798,6626004,6701453,TRUE,"UK-Singapore Free Trade Agreement; UK-Singapore Digital Economy Agreement; CPTPP",NA,FALSE
2026,"Sint Maarten",16628,0,0,6420,0,0,FALSE,NA,NA,FALSE
2026,"Solomon Islands",2973454,2909551,2912546,3359047,3350000,3350070,TRUE,"UK-Pacific Economic Partnership Agreement","Comprehensive",TRUE
2026,"Somalia",126502,18529,26791,71407,37820,45430,FALSE,NA,"Comprehensive",TRUE
2026,"South Africa",489345729,385141081,407379541,290852197,213575609,226689403,TRUE,"SACUM-UK Economic Partnership Agreement",NA,FALSE
2026,"South Korea",95639606,79690143,90550482,24010014,18726657,22368250,TRUE,"UK-South Korea Trade Agreement (updated Dec 2025)",NA,FALSE
2026,"South Sudan",1264597,0,0,310801,0,0,FALSE,NA,"Comprehensive",TRUE
2026,"Sri Lanka",42082023,26271906,27519177,16593658,10984761,11326939,FALSE,NA,"Enhanced",TRUE
2026,"St. Barthélemy",29648,0,0,10530,0,0,FALSE,NA,NA,FALSE
2026,"St. Helena",94038,20301,20301,2161,641,641,FALSE,NA,NA,FALSE
2026,"St. Kitts & Nevis",10583,0,10583,735,0,735,TRUE,"CARIFORUM-UK Economic Partnership Agreement",NA,FALSE
2026,"St. Lucia",535312,160211,160211,169266,103299,103299,TRUE,"CARIFORUM-UK Economic Partnership Agreement",NA,FALSE
2026,"St. Vincent & Grenadines",74849,74849,74849,60568,60568,60568,TRUE,"CARIFORUM-UK Economic Partnership Agreement",NA,FALSE
2026,"Sudan",4744239,282313,295780,1413807,101964,117964,FALSE,NA,"Comprehensive",TRUE
2026,"Suriname",268304,264797,264797,769093,769083,769083,TRUE,"CARIFORUM-UK Economic Partnership Agreement",NA,FALSE
2026,"Switzerland",231888562,210671126,219896216,32884726,28794321,29671620,TRUE,"UK-Switzerland Trade Agreement",NA,FALSE
2026,"Syria",1495956,1266057,1326597,609899,515994,527884,FALSE,NA,"Enhanced",TRUE
2026,"São Tomé & Príncipe",5022,5022,5022,1046,1046,1046,FALSE,NA,NA,FALSE
2026,"Taiwan",20199698,0,0,7023209,0,0,FALSE,NA,NA,FALSE
2026,"Tajikistan",2994019,198424,2994019,517681,22533,517681,FALSE,NA,"Enhanced",TRUE
2026,"Tanzania",4812696,2038273,2213860,1383350,698571,701891,FALSE,NA,"Comprehensive",TRUE
2026,"Thailand",554880612,0,0,224592643,0,0,FALSE,NA,NA,FALSE
2026,"Timor-Leste",193580,0,0,37380,0,0,FALSE,NA,"Comprehensive",TRUE
2026,"Togo",726684,11322,18905,354002,4635,7439,FALSE,NA,"Comprehensive",TRUE
2026,"Tonga",12160,0,0,658,0,0,FALSE,NA,NA,FALSE
2026,"Trinidad & Tobago",2113835,804529,830552,423052,200693,202404,TRUE,"CARIFORUM-UK Economic Partnership Agreement",NA,FALSE
2026,"Tunisia",21333276,13715149,18161298,13971824,6359560,7533713,TRUE,"UK-Tunisia Association Agreement",NA,FALSE
2026,"Turkey",440922961,367349013,381751360,288463109,131429635,134600586,TRUE,"UK-Turkey Trade Agreement",NA,FALSE
2026,"Turks & Caicos Islands",1715,0,0,192,0,0,FALSE,NA,NA,FALSE
2026,"U.S. Virgin Islands",1968,0,0,180,0,0,FALSE,NA,NA,FALSE
2026,"Uganda",14244215,3151276,3352873,5396771,2744712,2754218,FALSE,NA,"Comprehensive",TRUE
2026,"Ukraine",232071837,127247905,128411666,239981758,71190126,71617552,TRUE,"UK-Ukraine Political, Free Trade and Strategic Partnership Agreement; UK-Ukraine Digital Trade Agreement",NA,FALSE
2026,"United Arab Emirates",17398779,0,0,9274538,0,0,FALSE,NA,NA,FALSE
2026,"United Kingdom",81210024,0,0,10409911,0,0,FALSE,NA,NA,FALSE
2026,"United States",1359753415,416708309,435393209,1987722778,565221698,597720110,TRUE,"UK-US Economic Prosperity Deal (partial)",NA,FALSE
2026,"Unknown",19391474,18324723,18709852,7635748,7369242,7504760,FALSE,NA,NA,FALSE
2026,"Uruguay",122354958,0,0,256072233,0,0,FALSE,NA,NA,FALSE
2026,"Uzbekistan",2051061,699664,1457291,606389,222292,421336,FALSE,NA,"Enhanced",TRUE
2026,"Venezuela",4335422,0,0,747188,0,0,FALSE,NA,NA,FALSE
2026,"Vietnam",374847119,199794266,216928780,114849656,54954609,60313841,TRUE,"UK-Vietnam Free Trade Agreement; CPTPP",NA,FALSE
2026,"Yemen",265650,81534,179383,135847,38494,97162,FALSE,NA,"Comprehensive",TRUE
2026,"Zambia",1501526,483170,495272,595410,385450,387053,FALSE,NA,"Comprehensive",TRUE
2026,"Zimbabwe",2546652,1616313,1832449,1776327,1430257,1577050,TRUE,"ESA-UK Economic Partnership Agreement",NA,FALSE
2022,"CPTPP",3981105641,1365756423,1527318890,2696448898,482434292,527755365,TRUE,"Comprehensive and Progressive Agreement for Trans-Pacific Partnership",NA,FALSE
2023,"CPTPP",3534280440,1647151397,1888909782,2558626235,705749384,789389949,TRUE,"Comprehensive and Progressive Agreement for Trans-Pacific Partnership",NA,FALSE
2024,"CPTPP",3831084449,2102094971,2362471350,2799717587,855761195,943847423,TRUE,"Comprehensive and Progressive Agreement for Trans-Pacific Partnership",NA,FALSE
2025,"CPTPP",4529119203,2686360132,2942760365,3505554936,1146441832,1234912923,TRUE,"Comprehensive and Progressive Agreement for Trans-Pacific Partnership",NA,FALSE
2026,"CPTPP",2233880814,1371326934,1484858833,1314189396,593983711,627453851,TRUE,"Comprehensive and Progressive Agreement for Trans-Pacific Partnership",NA,FALSE
2022,"DCTS",1977162740,752043572,837062811,1787115419,369070279,399199064,TRUE,"Developing Countries Trading Scheme","Mixed",TRUE
2023,"DCTS",1893817018,697940034,774432079,1709982901,371616973,395684102,TRUE,"Developing Countries Trading Scheme","Mixed",TRUE
2024,"DCTS",1946461908,735353953,830506492,1564254721,400218828,429788617,TRUE,"Developing Countries Trading Scheme","Mixed",TRUE
2025,"DCTS",1995841502,779535538,864527298,1522020217,450102725,472985492,TRUE,"Developing Countries Trading Scheme","Mixed",TRUE
2026,"DCTS",991511947,402936478,442369136,834665960,246305590,256038630,TRUE,"Developing Countries Trading Scheme","Mixed",TRUE
